matrix,nnz,rows,cols,sym,type,range-a-p,empty-rows,avg-nz-row,min-nz-row,max-nz-row,ent-base-prc,ent-prc,row-prc-a-p,row-prc-a-n,row-prc-f-p,row-prc-f-n,fp64-rt,fp32(64)-rt,ent-base-rt,ent-split-rt,row-split-rt-a-p,row-split-rt-a-n,row-split-rt-f-p,row-split-rt-f-n,row-comp-rt-a-p,row-dual-rt-a-p,fp32(64)-spup,ent-base-spup,ent-split-spup,row-split-spup-a-p,row-split-spup-a-n,row-split-spup-f-p,row-split-spup-f-n,row-comp-spup-a-p,row-dual-spup-a-p,fp64-relerr,fp32(64)-relerr,ent-base-relerr,ent-split-relerr,row-split-relerr-a-p,row-split-relerr-a-n,row-split-relerr-f-p,row-split-relerr-f-n,row-comp-relerr-a-p,row-dual-relerr-a-p,fp32(32)-rt,fp32(32)-spup,fp32(32)-relerr
boyd1,1211231,93279,93279,1,r,1315117.319535,0,12.985034,3,93261,0.0,61.989000000000004,24.998,21.159,0.0,0.0,1691.115112,1627.929321,1686.04895,2978.115967,2082.110107,1976.335083,1688.807617,1689.02002,1969.422974,3710.207031,1.038814,1.003005,0.567847,0.812212,0.855682,1.001366,1.00124,0.858686,0.455801,0.0,4.6605e-08,0.0,2.27993e-10,1.02011e-09,5.67595e-11,0.0,0.0,1.02011e-09,1.02011e-09,1551.086792,1.090278,4.78757e-07
offshore,4242673,259789,259789,1,r,135017329162.61499,0,16.331226,5,31,0.015,95.875,95.301,94.37100000000001,0.0,0.0,267.479218,248.249817,282.091705,266.872101,253.118683,253.36557,268.267334,268.231354,252.751205,258.98114,1.07746,0.9482,1.002275,1.056734,1.055705,0.997062,0.997196,1.058271,1.032813,0.0,4.47984e-08,1.44615e-18,1.8413e-11,2.36109e-11,9.37099e-12,0.0,0.0,2.36109e-11,2.36109e-11,217.776794,1.228226,6.71568e-08
2cubes_sphere,1647264,101492,101492,1,r,5142940.067247,0,16.230481,5,31,0.901,84.004,79.255,71.296,0.0,0.0,106.560127,97.301056,116.677856,116.130814,101.853027,102.811935,108.546684,108.327332,101.128448,104.968513,1.095159,0.913285,0.917587,1.046215,1.036457,0.981699,0.983686,1.053711,1.015163,0.0,4.49954e-08,5.12596e-18,6.46763e-11,1.24662e-10,2.74525e-11,0.0,0.0,1.24662e-10,1.24662e-10,85.596191,1.244917,6.76657e-08
m_t1,9753570,97578,97578,1,r,84596259.538921,0,99.95665,48,237,0.002,80.476,40.372,34.506,0.0,0.0,289.195251,213.142105,293.98468,260.112823,263.777527,268.182831,291.386932,291.391296,262.414795,274.207123,1.356819,0.983709,1.111807,1.09636,1.078351,0.992478,0.992464,1.102054,1.05466,0.0,4.64166e-08,8.40992e-18,1.42232e-10,7.17349e-11,5.96722e-11,0.0,0.0,7.17349e-11,7.17349e-11,204.790375,1.412153,7.88158e-08
pre2,5959282,659033,659033,0,r,484883.69767,0,9.042464,1,628,41.357,95.34899999999999,88.637,88.598,2.48,0.47600000000000003,368.936768,326.350098,459.242462,376.474915,341.246643,342.097473,368.075073,368.608643,346.849609,382.051971,1.130494,0.803359,0.979977,1.081144,1.078455,1.002341,1.00089,1.063679,0.965672,0.0,4.37745e-08,4.02078e-17,9.08853e-12,2.04055e-08,3.99483e-13,1.34037e-17,5.49304e-18,2.04055e-08,2.04055e-08,295.051666,1.250414,5.1376e-08
ct20stif,2698463,52329,52329,1,r,276274.177348,0,51.567257,2,207,5.561,83.851,13.779,2.383,0.0,0.0,105.601982,84.840096,109.695198,105.068672,99.616959,101.383682,102.307007,102.42083,100.26931,104.050591,1.244718,0.962686,1.005076,1.06008,1.041607,1.032207,1.03106,1.053183,1.01491,0.0,5.06304e-08,6.02692e-17,3.3053e-12,1.61019e-12,3.59396e-13,0.0,0.0,1.61019e-12,1.61019e-12,80.914749,1.305102,6.63361e-08
bmw7st_1,7339667,141347,141347,1,r,99745739.159954,0,51.926585,1,435,2.166,99.946,99.556,99.386,0.0,0.0,262.943512,219.379547,279.009216,229.025726,223.769501,225.28627,263.112854,263.117828,222.925568,225.251877,1.198578,0.942419,1.148096,1.175064,1.167153,0.999356,0.999337,1.179513,1.167331,0.0,4.11427e-08,8.25068e-17,7.59128e-14,7.08065e-13,5.50721e-14,5.88965e-17,0.0,7.08065e-13,7.08065e-13,210.020004,1.251993,1.06152e-07
kkt_power,14612663,2063494,2063494,1,r,54445247.04454,0,7.081515,1,96,16.491,98.634,91.739,91.459,0.49,0.0,822.688049,656.986877,870.589417,712.77832,687.321045,689.585999,813.873535,809.271118,692.104797,722.571045,1.252214,0.944978,1.154199,1.196949,1.193017,1.01083,1.016579,1.188676,1.138557,0.0,4.87342e-08,8.56213e-17,3.06813e-12,2.82603e-12,1.66291e-12,3.44308e-14,0.0,2.82603e-12,2.82603e-12,629.736572,1.3064,6.87373e-08
bmw3_2,11288630,227362,227362,1,r,1342093.715399,0,49.650469,2,336,3.3840000000000003,98.615,91.84400000000001,83.967,0.105,0.06899999999999999,406.896851,343.336731,434.667084,371.81723,353.135345,356.600586,407.93692,408.079285,345.863739,357.25827,1.185125,0.936111,1.094346,1.152241,1.141044,0.99745,0.997102,1.176466,1.138943,0.0,4.70414e-08,9.84063e-17,2.4458e-12,3.1809e-12,1.46964e-12,1.77144e-19,8.83097e-20,3.1809e-12,3.1809e-12,327.735229,1.241541,6.89604e-08
para-8,5416358,155924,155924,0,r,11929419.281808,0,34.737167,8,6931,78.431,96.884,69.855,68.64099999999999,3.628,1.812,237.864059,204.820541,264.161346,225.828583,213.893539,214.661819,260.186218,260.162781,215.98819,223.453598,1.161329,0.90045,1.053295,1.112068,1.108087,0.914207,0.914289,1.101283,1.06449,0.0,3.88953e-08,1.1166e-16,5.71148e-12,3.56191e-12,1.27268e-12,1.63622e-17,1.26651e-19,3.56191e-12,3.56191e-12,193.991623,1.226156,4.65041e-08
ohne2,11063545,181343,181343,0,r,3087214.957937,0,61.008944,15,3441,89.415,98.238,76.193,72.771,16.451999999999998,12.386,392.32016,314.665344,375.005432,335.323029,336.989441,335.3703,380.7547,384.658722,333.838379,342.176758,1.246785,1.046172,1.169977,1.164191,1.169812,1.030375,1.019917,1.17518,1.146542,0.0,2.96704e-08,1.12015e-16,1.75551e-12,2.09014e-12,7.54439e-13,7.30502e-18,2.28935e-19,2.09014e-12,2.09014e-12,301.33725,1.301931,6.86305e-08
barrier2-12,3897557,115625,115625,0,r,10555551.788214,0,33.708601,8,8437,75.771,97.393,76.089,70.527,0.38,0.001,206.332092,180.344635,223.953278,189.59639,192.357895,192.732162,239.788742,239.532288,188.83667,190.737671,1.144099,0.921318,1.08827,1.072647,1.070564,0.860474,0.861396,1.092648,1.081758,0.0,4.15781e-08,1.16638e-16,7.64728e-12,9.69505e-12,2.7943e-12,2.04068e-16,1.15009e-23,9.69505e-12,9.69505e-12,171.073242,1.206104,5.96881e-08
barrier2-9,3897557,115625,115625,0,r,10555548.420123,0,33.708601,8,8437,75.815,97.393,76.089,70.527,0.38,0.001,206.215683,180.315353,223.920258,189.429276,192.281662,192.750656,239.541855,239.385223,188.792679,190.630112,1.143639,0.920934,1.088616,1.072467,1.069857,0.860875,0.861439,1.092286,1.081758,0.0,4.46239e-08,1.19601e-16,8.1444e-12,1.02826e-11,2.91035e-12,4.32414e-16,5.87416e-21,1.02826e-11,1.02826e-11,171.038147,1.205671,5.89999e-08
barrier2-10,3897557,115625,115625,0,r,10555547.994509,0,33.708601,8,8437,75.777,97.393,76.089,70.527,0.38,0.001,206.323807,180.327271,223.865479,189.53392,192.304291,192.741699,239.713821,239.517242,188.827164,190.735489,1.144163,0.921642,1.088585,1.072903,1.070468,0.860709,0.861415,1.09266,1.081727,0.0,3.9854e-08,1.23026e-16,7.41927e-12,9.5122e-12,2.57531e-12,1.57925e-16,2.14732e-21,9.5122e-12,9.5122e-12,171.03392,1.206333,5.91097e-08
barrier2-2,3805068,113076,113076,0,r,10230406.908208,0,33.650536,10,7031,75.571,97.328,75.555,69.846,0.243,0.001,191.825729,163.648773,200.765472,174.220001,175.776703,176.130692,217.808548,216.677246,173.281601,176.961731,1.172179,0.955472,1.101055,1.091303,1.08911,0.880708,0.885306,1.107017,1.083996,0.0,4.01065e-08,1.26513e-16,7.3924e-12,9.675e-12,2.59242e-12,2.02604e-16,1.13647e-22,9.675e-12,9.675e-12,156.272003,1.227512,5.40715e-08
para-4,5326228,153226,153226,0,r,9646595.256219,0,34.760602,10,5776,78.286,96.65899999999999,69.282,68.027,3.5380000000000003,1.838,240.166855,200.978851,256.001953,224.979004,210.021606,217.794586,239.733185,240.271652,210.497757,218.997955,1.194986,0.938145,1.067508,1.143534,1.102722,1.001809,0.999564,1.140947,1.096663,0.0,4.44562e-08,1.27004e-16,1.1778e-11,8.75853e-10,2.56587e-12,8.86738e-17,3.4425e-19,8.75853e-10,8.75853e-10,190.540771,1.260449,6.45643e-08
para-10,5416358,155924,155924,0,r,9859012.584405,0,34.737167,8,6931,78.43,96.71499999999999,69.518,68.378,3.628,1.812,237.80896,204.787201,264.107361,227.934021,213.811707,215.421158,260.466248,260.069855,216.246429,223.672836,1.161249,0.900425,1.043324,1.112235,1.103926,0.913013,0.914404,1.099713,1.0632,0.0,4.22707e-08,1.29865e-16,9.822e-12,6.15427e-12,2.372e-12,1.81098e-17,2.78132e-19,6.15427e-12,6.15427e-12,193.908325,1.226399,5.92217e-08
barrier2-1,3805068,113076,113076,0,r,10230398.300083,0,33.650536,10,7031,75.72,97.328,75.555,69.849,0.243,0.001,194.371872,163.578491,202.088409,174.176895,175.710556,176.10672,217.742813,216.540283,173.400543,177.002716,1.188248,0.961816,1.115945,1.106205,1.103716,0.892667,0.897625,1.120942,1.098129,0.0,4.3788e-08,1.30283e-16,9.27544e-12,1.19835e-11,3.24851e-12,3.67277e-16,8.15507e-22,1.19835e-11,1.19835e-11,156.165985,1.244649,6.37762e-08
para-5,5416358,155924,155924,0,r,9514219.399477,0,34.737167,8,6931,78.43,96.69200000000001,69.484,68.338,3.6249999999999996,1.812,237.734879,204.767487,264.010773,227.532486,214.171204,215.436066,260.375946,260.107635,216.376801,223.486465,1.160999,0.900474,1.044839,1.110023,1.103505,0.913045,0.913987,1.098708,1.063755,0.0,5.13315e-08,1.32648e-16,1.02718e-11,6.58912e-12,2.24093e-12,5.82783e-17,2.99084e-19,6.58912e-12,6.58912e-12,193.868286,1.22627,6.47643e-08
Fault_639,28614564,638802,638802,1,r,69566884724.2095,0,44.794105,15,318,5.169,85.033,35.852000000000004,24.585,2.5020000000000002,0.0,1070.171753,904.59259,1100.27002,1043.939209,1004.03772,1025.760254,1066.530396,1070.233276,1007.847229,1043.221924,1.183043,0.972645,1.025128,1.065868,1.043296,1.003414,0.999943,1.061839,1.025833,0.0,4.09462e-08,1.3266e-16,4.1525e-11,2.33405e-11,7.92326e-12,4.30353e-23,0.0,2.33405e-11,2.33405e-11,858.0495,1.247214,6.85865e-08
barrier2-3,3805068,113076,113076,0,r,10230406.584088,0,33.650536,10,7031,75.53699999999999,97.328,75.555,69.846,0.243,0.001,199.741241,163.635071,202.39299,174.344391,175.706558,176.149414,217.729889,216.655075,173.339905,177.131454,1.220651,0.986898,1.145671,1.136789,1.133931,0.917381,0.921932,1.15231,1.127644,0.0,4.0585e-08,1.34046e-16,8.63507e-12,1.11174e-11,3.05866e-12,3.96554e-16,1.25679e-21,1.11174e-11,1.11174e-11,156.276474,1.278127,5.90282e-08
para-7,5416358,155924,155924,0,r,9470910.719891,0,34.737167,8,6931,78.43,96.693,69.516,68.343,3.6249999999999996,1.812,237.800125,204.806915,264.256348,227.36969,213.622467,214.948578,260.436066,260.087036,216.529434,223.586304,1.161094,0.899884,1.045874,1.113179,1.106312,0.913084,0.91431,1.098235,1.063572,0.0,4.95275e-08,1.34318e-16,1.11558e-11,7.28278e-12,2.46023e-12,3.99264e-17,3.1794e-19,7.28278e-12,7.28278e-12,193.924377,1.226252,6.97807e-08
barrier2-11,3897557,115625,115625,0,r,10555547.985004,0,33.708601,8,8437,75.777,97.393,76.089,70.527,0.38,0.001,206.267807,180.293625,223.854202,189.50502,192.352066,192.716064,239.688004,239.484741,188.851196,190.683456,1.144066,0.921438,1.088456,1.072345,1.07032,0.860568,0.861298,1.092224,1.081729,0.0,4.08346e-08,1.34664e-16,7.40107e-12,9.4386e-12,2.71012e-12,2.85623e-16,1.11368e-20,9.4386e-12,9.4386e-12,171.047104,1.205912,5.68285e-08
para-6,5416358,155924,155924,0,r,9514219.396477,0,34.737167,8,6931,78.43,96.69200000000001,69.484,68.338,3.6249999999999996,1.812,237.740295,204.733734,263.965271,227.534393,214.113831,215.513031,260.461578,260.074677,216.288864,223.506439,1.161217,0.90065,1.044854,1.110345,1.103137,0.912765,0.914123,1.09918,1.063684,0.0,4.51324e-08,1.40983e-16,1.10409e-11,7.20905e-12,2.58597e-12,4.53081e-17,3.13909e-19,7.20905e-12,7.20905e-12,193.902725,1.22608,6.29865e-08
ship_003,8086034,121728,121728,1,r,10428519468615.148,0,66.427067,18,144,55.17100000000001,99.06,80.56400000000001,77.226,0.0,0.0,264.460419,209.722107,270.295105,225.569565,225.089767,226.421082,264.790771,264.802429,220.803711,231.137115,1.261004,0.978414,1.172412,1.174911,1.168003,0.998752,0.998708,1.197717,1.144171,0.0,4.80259e-08,1.4145e-16,1.69337e-12,1.40602e-11,7.46574e-13,0.0,0.0,1.40602e-11,1.40602e-11,200.677689,1.317837,7.04856e-08
para-9,5416358,155924,155924,0,r,10441524.348986,0,34.737167,8,6931,78.43,96.759,69.586,68.438,3.628,1.812,243.856155,204.71344,264.402344,228.218109,214.069885,214.56636,259.94046,260.077728,216.426117,223.487518,1.191207,0.922292,1.068522,1.139143,1.136507,0.938123,0.937628,1.126741,1.09114,0.0,4.99792e-08,1.41597e-16,9.25046e-12,5.94725e-12,2.22399e-12,3.11345e-17,2.42006e-19,5.94725e-12,5.94725e-12,193.884094,1.257742,7.07239e-08
barrier2-4,3805068,113076,113076,0,r,10230392.203235,0,33.650536,10,7031,75.104,97.328,75.555,69.844,0.243,0.001,191.823608,163.662918,200.930618,174.29744,175.745758,176.183258,217.722244,216.579483,173.371033,176.963776,1.172065,0.954676,1.100553,1.091484,1.088773,0.881047,0.885696,1.106434,1.083971,0.0,4.1421e-08,1.44281e-16,7.85731e-12,9.93526e-12,2.79729e-12,3.94645e-16,8.92629e-21,9.93526e-12,9.93526e-12,156.183395,1.228195,5.64249e-08
shipsec1,7813404,140874,140874,1,r,313648221.692814,0,55.463776,24,102,58.365,95.42,58.986000000000004,50.731,4.018,0.07100000000000001,268.282806,222.990372,269.565918,258.64267,248.327103,253.399033,270.113342,270.892517,249.116409,261.785645,1.203114,0.99524,1.037272,1.080361,1.058737,0.993223,0.990366,1.076938,1.024819,0.0,4.26614e-08,1.4648e-16,1.86892e-11,1.9e-11,8.62428e-12,5.67706e-20,2.70795e-21,1.9e-11,1.9e-11,213.408997,1.25713,6.7052e-08
shipsec5,10113096,179860,179860,1,r,208212908.059064,0,56.227599,12,126,58.065,95.346,55.479,46.515,3.1719999999999997,0.31,348.588531,288.536255,356.198761,329.818542,318.932587,325.833679,346.323822,345.51767,320.253448,335.367004,1.208127,0.978635,1.05691,1.092985,1.069836,1.006539,1.008888,1.088477,1.039424,0.0,4.25695e-08,1.5191e-16,2.10009e-11,2.79788e-11,7.64729e-12,1.64455e-17,3.35771e-21,2.79788e-11,2.79788e-11,275.215607,1.266602,7.07896e-08
shipsec8,6653399,114919,114919,1,r,45190053.206004,0,57.896423,15,132,56.304,93.83200000000001,47.995,42.948,3.8890000000000002,0.7040000000000001,226.925186,187.931015,232.137695,218.402908,212.514786,216.704865,227.587936,228.316833,211.741562,225.224289,1.207492,0.977546,1.039021,1.067809,1.047162,0.997088,0.993905,1.071708,1.007552,0.0,4.60499e-08,1.55467e-16,2.28006e-11,3.63615e-11,6.71086e-12,2.65132e-19,3.39901e-20,3.63615e-11,3.63615e-11,178.904709,1.268414,7.88367e-08
PR02R,8185136,161070,161070,0,r,303761.12451,0,50.81726,1,92,69.146,99.311,96.732,96.67099999999999,3.511,2.1,290.191956,238.014404,299.734924,250.776199,240.880615,241.067459,288.881042,290.871124,238.193222,244.630493,1.21922,0.968162,1.157175,1.204713,1.203779,1.004538,0.997665,1.218305,1.186246,0.0,4.94174e-08,1.65628e-16,2.32486e-12,1.17398e-12,1.03717e-12,5.13439e-14,5.82898e-18,1.17398e-12,1.17398e-12,227.097885,1.277828,7.65928e-08
StocF-1465,21005389,1465137,1465137,1,r,108875.813749,0,14.336809,1,189,54.603,94.538,67.607,65.185,0.181,0.006,946.990417,756.367188,1089.128418,887.154785,820.732788,824.592468,949.279541,948.257996,831.145935,928.629883,1.252025,0.869494,1.067447,1.153835,1.148434,0.997589,0.998663,1.139379,1.019772,0.0,5.68508e-08,1.86178e-16,3.37065e-12,1.96913e-10,2.75299e-12,5.36934e-11,4.93911e-19,1.96913e-10,1.96913e-10,700.22345,1.352412,6.09982e-08
boyd2,1500397,466316,466316,1,r,92091.204481,0,3.217554,2,93262,18.647,97.41199999999999,98.675,92.205,24.863,0.0,7935.45166,7729.834961,7940.178711,7771.769531,7704.769531,7719.472656,8006.248047,8087.706055,7675.344727,7671.807129,1.0266,0.999405,1.021061,1.02994,1.027978,0.991157,0.981175,1.033889,1.034365,0.0,5.14019e-08,3.22511e-16,1.2507e-11,3.81787e-08,9.15352e-12,1.82873e-15,0.0,3.81787e-08,3.81787e-08,7538.26709,1.052689,5.38572e-07
oilpan,3597188,73752,73752,1,r,6622.635784,0,48.774108,28,70,49.126999999999995,61.138999999999996,23.647000000000002,23.647000000000002,23.647000000000002,0.0,133.570938,111.939362,140.017212,132.435837,132.106049,132.079712,132.089478,134.15184,132.031967,138.615677,1.193244,0.953961,1.008571,1.011089,1.01129,1.011216,0.99567,1.011656,0.963606,0.0,4.03537e-08,1.06922e-15,1.61787e-10,5.86817e-15,5.86817e-15,5.86817e-15,0.0,5.86817e-15,5.86817e-15,106.916351,1.249303,7.05048e-08
Chebyshev4,5377761,68121,68121,0,r,54.083825,0,78.944246,9,68121,99.36399999999999,99.82900000000001,98.912,98.451,97.554,74.553,830.01416,753.567322,761.47229,765.895325,763.941223,789.158569,757.525146,982.841492,767.510864,761.567932,1.101447,1.090012,1.083717,1.08649,1.051771,1.095692,0.844505,1.081436,1.089875,0.0,3.17719e-08,5.00783e-15,1.73578e-13,4.70412e-13,8.29648e-14,7.98543e-15,2.7546e-15,4.70412e-13,4.70412e-13,736.605408,1.12681,7.7162e-08
ulevimin,164538,6590,46937,0,r,3145.350073,0,24.96783,1,24973,10.641,97.429,97.332,97.332,2.4490000000000003,0.0,147.209946,140.642975,184.590363,145.321442,143.484192,143.478653,175.857819,186.183975,142.319321,142.146118,1.046692,0.797495,1.012995,1.025966,1.026006,0.837096,0.790669,1.034364,1.035624,0.0,3.7042e-08,5.46126e-15,6.07482e-12,5.94492e-12,5.94492e-12,5.57871e-15,0.0,5.94492e-12,5.94492e-12,132.837112,1.108199,7.15313e-08
pwtk,11634424,217918,217918,1,r,4005.682125,0,53.389,2,180,13.184999999999999,69.25,13.959,13.546,0.0,0.0,408.076904,342.257446,451.757599,392.242706,402.928406,402.841492,409.505096,409.437134,403.456726,422.713379,1.19231,0.903309,1.040368,1.012778,1.012996,0.996512,0.996678,1.011451,0.965375,0.0,4.41339e-08,1.43669e-14,1.14448e-10,2.41468e-11,1.81399e-11,0.0,0.0,2.41468e-11,2.41468e-11,326.302216,1.25061,7.61062e-08
ESOC,6019939,327062,37830,0,r,5319.044603,0,18.40611,8,19,11.834,54.876999999999995,48.642,48.642,0.0,0.0,334.395355,291.870728,355.471161,358.322723,312.60672,312.640594,319.255157,319.214386,313.55957,343.71344,1.145697,0.94071,0.933224,1.0697,1.069584,1.047424,1.047557,1.066449,0.97289,0.0,5.04606e-08,5.91214e-14,2.46917e-10,5.03598e-12,5.03598e-12,0.0,0.0,5.03598e-12,5.03598e-12,260.591949,1.283214,7.30966e-08
rajat28,607235,87190,87190,0,r,41.147097,0,6.964503,1,29105,95.75200000000001,99.724,98.473,90.029,89.07300000000001,73.333,911.578247,854.373474,960.280396,759.333557,792.646667,1237.904175,886.347595,1045.822021,819.100037,882.698303,1.066955,0.949283,1.200498,1.150044,0.736388,1.028466,0.871638,1.112902,1.032718,0.0,4.57719e-08,6.99947e-14,7.83336e-13,1.47537e-08,7.24534e-13,3.98815e-10,4.79204e-14,1.47537e-08,1.47537e-08,570.401917,1.598133,3.63562e-08
ASIC_320ks,1827807,321671,321671,0,r,1.313109,0,5.682225,1,412,99.99900000000001,99.99900000000001,99.996,99.996,99.996,99.996,126.678589,102.791458,111.878754,109.014626,102.094337,102.085632,102.031265,102.009506,104.881859,108.905533,1.232384,1.132285,1.162033,1.240799,1.240905,1.241566,1.241831,1.207822,1.163197,0.0,3.20973e-08,1.66584e-13,1.66584e-13,1.66025e-13,1.66025e-13,1.66025e-13,1.66025e-13,1.66025e-13,1.66025e-13,97.156509,1.303861,3.4532e-08
ASIC_680k,3871773,682862,682862,0,r,16.2603,0,5.66992,1,395259,88.604,92.456,99.997,67.63900000000001,99.921,45.933,15454.46582,14924.782227,15943.000977,15954.938477,15022.463867,15704.493164,15025.214844,15953.970703,15672.582031,15642.734375,1.03549,0.969357,0.968632,1.028757,0.984079,1.028569,0.968691,0.986083,0.987964,0.0,3.87634e-08,2.08033e-13,3.94697e-12,1.10801e-08,3.94106e-12,1.10801e-08,2.07361e-13,1.10801e-08,1.10801e-08,14898.361328,1.037327,4.09025e-08
ASIC_320k,2635364,321821,321821,0,r,0.910788,0,8.188912,1,203800,99.993,99.993,99.997,84.67099999999999,99.997,84.67099999999999,4086.487305,3755.108643,3867.843506,3866.496338,4261.54248,4558.783203,4262.036621,4557.730957,3762.657715,4209.668945,1.088247,1.056529,1.056897,0.958922,0.896399,0.958811,0.896606,1.086064,0.970738,0.0,3.12891e-08,2.21355e-13,2.21355e-13,6.69906e-13,1.60776e-13,6.69906e-13,1.60776e-13,6.69906e-13,6.69906e-13,3597.99585,1.135768,5.34969e-08
ASIC_100k,954163,99340,99340,0,r,2.517326,0,9.605023,1,99029,99.973,99.98899999999999,99.992,80.326,99.99,80.278,1734.865967,1523.356201,1585.231079,1599.043579,2093.358887,2152.921875,2092.60083,2122.478271,1647.23938,2095.755615,1.138845,1.094393,1.08494,0.828748,0.805819,0.829048,0.817377,1.053196,0.8278,0.0,2.39166e-08,2.48681e-13,2.60285e-13,3.65836e-11,1.7839e-13,3.65836e-11,1.54185e-13,3.65836e-11,3.65836e-11,1451.717773,1.195044,2.50434e-08
ASIC_680ks,2329176,682712,682712,0,r,27.02899,0,3.411652,1,210,81.082,87.469,99.996,74.902,99.921,62.163000000000004,168.750046,137.640701,179.205093,174.384857,135.959167,134.271912,136.455933,132.422943,136.117661,141.085861,1.226018,0.941659,0.967687,1.241182,1.256778,1.236663,1.274326,1.239737,1.19608,0.0,2.50595e-08,2.48759e-13,4.73211e-12,1.33095e-08,4.72653e-12,1.33095e-08,2.48553e-13,1.33095e-08,1.33095e-08,129.508453,1.303004,4.14116e-08
rajat20,605045,86916,86916,0,r,3.876909,0,6.961261,1,29105,97.682,99.643,98.217,89.613,93.548,84.673,935.334473,838.703369,944.140564,788.233337,760.384338,1238.981079,863.718628,1226.846802,854.783691,869.366577,1.115215,0.990673,1.186621,1.230081,0.754922,1.082916,0.762389,1.094235,1.07588,0.0,4.5374e-08,3.11606e-13,7.95716e-13,6.67462e-09,7.21487e-13,2.03032e-09,2.4982e-13,6.67462e-09,6.67462e-09,570.326233,1.639999,1.37595e-07
TSOPF_FS_b300_c2,8767466,56814,56814,1,r,1.030937,0,154.318759,1,27742,87.26899999999999,88.52600000000001,54.896,54.086999999999996,54.888000000000005,20.719,475.188232,383.708008,396.382843,393.157959,427.920532,567.464783,428.203644,546.879761,429.985352,420.443909,1.238411,1.198811,1.208645,1.110459,0.837388,1.109725,0.868908,1.105127,1.130206,0.0,3.6678e-08,7.50904e-13,2.38253e-12,1.00446e-08,1.14904e-12,1.00446e-08,1.88228e-13,1.00446e-08,1.00446e-08,375.417023,1.265761,5.50063e-08
rajat25,607235,87190,87190,0,r,0.665828,0,6.964503,1,29105,97.991,97.855,95.396,86.085,95.769,86.772,912.428101,856.269653,935.871887,949.182983,881.434814,1239.450073,875.824158,1229.929565,863.55188,902.026001,1.065585,0.97495,0.961277,1.035162,0.736156,1.041794,0.741854,1.056599,1.011532,0.0,3.83987e-08,1.03733e-12,8.51335e-13,2.43139e-09,7.17507e-13,2.43144e-09,8.68773e-13,2.43139e-09,2.43139e-09,571.856628,1.595554,1.35155e-07
TSOPF_FS_b300_c3,13135930,84414,84414,1,r,0.710272,0,155.613168,1,41542,87.316,87.303,54.911,0.001,54.918,20.715,700.844116,577.871216,593.690491,593.081909,637.868591,790.183533,641.349304,771.508972,637.7547,635.022217,1.212803,1.180487,1.181699,1.098728,0.886938,1.092765,0.908407,1.098924,1.103653,0.0,4.6804e-08,1.13752e-12,9.96464e-13,5.07852e-10,4.28236e-14,2.52777e-09,2.30758e-13,5.07852e-10,5.07852e-10,562.941223,1.244969,7.33286e-08
x104,10167624,108384,108384,1,r,49.245827,0,93.811116,30,324,70.077,84.83500000000001,32.362,30.557000000000002,11.248,11.225,304.031616,229.296295,285.193756,270.250854,285.476685,286.406525,299.981354,300.095825,285.279816,295.363831,1.325933,1.066053,1.124998,1.064996,1.061539,1.013502,1.013115,1.065731,1.029346,0.0,4.48318e-08,2.11521e-12,1.26979e-10,7.68179e-11,7.32758e-11,1.46559e-13,1.37096e-13,7.68179e-11,7.68179e-11,220.56662,1.378412,7.5106e-08
TSOPF_FS_b39_c19,1977600,76216,76216,1,r,0.141432,0,25.947308,1,38024,78.821,78.81,20.498,0.0,20.505000000000003,19.23,438.305237,411.088837,419.973145,421.444885,437.55603,573.535522,453.30249,455.618835,435.575348,444.884705,1.066206,1.043651,1.040006,1.001712,0.764216,0.966916,0.962,1.006267,0.985211,0.0,5.55115e-08,3.57515e-12,2.84481e-13,3.05089e-10,0.0,3.05119e-10,2.08258e-12,3.05089e-10,3.05089e-10,395.077942,1.109415,7.31011e-08
case39,1042160,40216,40216,1,r,0.187231,0,25.914064,1,20024,78.756,78.735,20.332,0.0,20.345,19.219,228.694046,204.441345,219.047745,217.429276,237.368225,302.836365,243.259705,246.7202,236.941544,238.501312,1.118629,1.044037,1.051809,0.963457,0.755174,0.940123,0.926937,0.965192,0.95888,0.0,3.85245e-08,3.88414e-12,2.58294e-13,1.45227e-10,0.0,1.4525e-10,1.69839e-12,1.45227e-10,1.45227e-10,198.695877,1.150975,5.28225e-08
TSOPF_RS_b2383_c1,16171169,38120,38120,0,r,0.089888,0,424.217445,2,983,99.2,99.18599999999999,99.385,0.0,99.395,0.003,453.411438,311.526184,317.411255,317.645386,304.333344,456.762909,304.371338,455.173279,303.353149,313.322418,1.455452,1.428467,1.427414,1.489851,0.992663,1.489665,0.996129,1.494665,1.447108,0.0,4.11595e-08,3.9727e-12,1.12272e-13,1.35122e-11,0.0,1.42055e-11,2.23044e-12,1.35122e-11,1.35122e-11,306.860046,1.477584,6.44453e-08
TSOPF_RS_b2383,16171169,38120,38120,0,r,0.089888,0,424.217445,2,983,99.2,99.18599999999999,99.385,0.0,99.395,0.003,453.436218,311.799866,317.491211,317.764038,304.354248,456.833191,304.464355,455.236237,303.346039,313.296753,1.454254,1.428185,1.426959,1.48983,0.992564,1.489292,0.996046,1.494782,1.447306,0.0,4.5091e-08,4.01366e-12,1.1176e-13,1.3866e-11,0.0,1.46472e-11,2.30923e-12,1.3866e-11,1.3866e-11,306.982391,1.477076,6.07284e-08
TSOPF_FS_b39_c7,730080,28216,28216,1,r,0.242315,0,25.874681,1,14024,78.726,78.69699999999999,20.482,0.0,20.501,19.215,155.426086,109.292221,149.462311,149.940582,161.124832,211.324127,164.104477,172.008224,159.05603,159.312836,1.422115,1.039902,1.036585,0.964631,0.735487,0.947117,0.903597,0.977178,0.975603,0.0,4.28893e-08,4.01477e-12,2.73478e-13,1.57557e-10,0.0,1.57601e-10,2.63003e-12,1.57557e-10,1.57557e-10,104.609535,1.485774,5.88534e-08
TSOPF_FS_b39_c30,3121160,120216,120216,1,r,0.1198,0,25.962933,1,60024,78.84100000000001,78.834,20.502000000000002,0.0,20.506,19.233,690.408875,659.23584,658.897949,658.249451,697.378601,906.228027,717.363281,710.901733,687.395996,708.345093,1.047287,1.047824,1.048856,0.990006,0.761849,0.962426,0.971173,1.004383,0.974679,0.0,4.18021e-08,4.06761e-12,2.67987e-13,2.39582e-10,0.0,2.39613e-10,2.07232e-12,2.39582e-10,2.39582e-10,630.926575,1.094278,7.31583e-08
c-64,717841,51035,51035,1,r,31.781661,0,14.065661,2,9474,45.629999999999995,85.15899999999999,55.144999999999996,28.77,6.517,0.018000000000000002,197.012253,176.391296,205.597473,229.009537,222.41008,227.043488,196.498428,197.927872,206.143845,389.943329,1.116905,0.958243,0.86028,0.885806,0.867729,1.002615,0.995374,0.955703,0.505233,0.0,5.4981e-08,4.28559e-12,5.53999e-11,5.85813e-10,2.8365e-11,4.80495e-10,9.03218e-14,5.85813e-10,5.85813e-10,150.576385,1.308387,1.46977e-07
TSOPF_FS_b162_c4,2398220,40798,40798,1,r,1.246466,0,58.782783,1,20054,85.414,88.81700000000001,53.815000000000005,53.364999999999995,21.596,19.169,255.638245,229.91069,238.615814,236.540283,253.343781,254.334564,258.661346,328.038116,252.298431,243.200027,1.111902,1.071338,1.080739,1.009057,1.005126,0.988313,0.779294,1.013238,1.051144,0.0,4.62596e-08,4.93298e-12,8.53103e-12,1.02536e-10,3.32558e-12,1.02463e-10,3.41538e-13,1.02536e-10,1.02536e-10,224.653061,1.137925,6.75727e-08
G3_circuit,7660826,1585478,1585478,1,r,17.612559,0,4.831872,2,6,7.835,37.238,34.737,33.328,2.349,0.0,453.048218,381.429352,495.66333,460.850494,428.413269,427.844238,450.055481,453.07132,422.859039,440.5625,1.187764,0.914024,0.98307,1.057503,1.058909,1.00665,0.999949,1.071393,1.02834,0.0,4.70437e-08,5.47078e-12,8.16724e-11,8.94683e-11,7.54907e-11,4.54014e-12,0.0,8.94683e-11,8.94683e-11,356.640228,1.270323,5.87829e-08
rajat23,556938,110355,110355,0,r,1.938896,0,5.046785,1,3401,74.91,81.066,54.232,48.608000000000004,44.992,35.541,135.434265,88.463295,146.365082,143.967621,155.800125,145.220474,141.374695,141.399078,156.944962,151.513657,1.530966,0.925318,0.940727,0.869282,0.932611,0.957981,0.957816,0.862941,0.893875,0.0,2.40055e-08,5.80463e-12,1.0144e-11,6.19415e-10,8.88626e-12,6.1261e-10,5.07815e-12,6.19415e-10,6.19415e-10,82.569633,1.640243,9.54246e-08
circuit_4,307604,80209,80209,0,r,4.060326,0,3.835031,1,6750,56.325,97.3,99.836,81.69999999999999,56.489,11.267000000000001,282.58548,287.647736,292.956573,293.738373,288.797821,290.116486,285.171509,289.804871,289.599274,290.033569,0.982401,0.964599,0.962031,0.978489,0.974041,0.990932,0.975089,0.975781,0.97432,0.0,4.41998e-08,6.18129e-12,1.08293e-10,4.41998e-08,1.04211e-10,3.61035e-11,5.31358e-12,4.41998e-08,4.41998e-08,271.076141,1.042458,5.67844e-08
circuit5M_dc,19194193,3523317,3523317,0,r,0.117164,0,5.447762,1,27,90.79899999999999,74.843,49.506,13.431999999999999,97.124,42.388,1161.872559,959.587463,1147.61853,1350.057373,1108.906494,1174.304443,967.596497,1071.235962,1119.725342,1486.318726,1.210804,1.012421,0.86061,1.047764,0.989413,1.200782,1.084609,1.037641,0.781712,0.0,3.13639e-08,6.28417e-12,5.72285e-13,3.13638e-08,1.5359e-17,3.13638e-08,4.82876e-12,3.13638e-08,3.13638e-08,894.039307,1.299577,3.13639e-08
rajat31,20316253,4690002,4690002,0,r,0.6154,0,4.331822,1,1252,53.836,53.836,23.079,23.073,23.079,23.073,1298.265259,1119.594727,1560.046021,1559.968262,1316.113892,1310.409668,1316.210693,1310.499023,1330.635498,1364.591064,1.159585,0.832197,0.832238,0.986438,0.990732,0.986366,0.990665,0.975673,0.951395,0.0,4.17595e-08,7.34991e-12,7.34991e-12,2.15365e-11,7.34985e-12,2.15365e-11,7.34985e-12,2.15365e-11,2.15365e-11,1032.414673,1.257504,7.00726e-08
rajat24,1948235,358172,358172,0,r,0.583288,0,5.439384,1,105296,83.986,74.51299999999999,40.256,30.115,58.695,47.675,3993.109863,3497.391846,3926.520508,4044.45166,4039.143799,4158.123047,3840.472412,4001.16333,4039.971924,4338.555176,1.141739,1.016959,0.987306,0.988603,0.960315,1.039744,0.997987,0.9884,0.920378,0.0,4.35844e-08,1.01711e-11,5.59282e-12,3.52374e-10,4.692e-12,3.57395e-10,8.70005e-12,3.52374e-10,3.52374e-10,3401.17749,1.174037,2.22259e-07
consph,6010480,83334,83334,1,r,26.706361,0,72.125183,1,81,22.128,65.054,46.796,39.671,0.061,0.026,192.771393,149.194595,209.940445,182.67984,174.789703,177.675461,192.870499,192.565765,174.114822,175.641571,1.29208,0.918219,1.055242,1.102876,1.084964,0.999486,1.001068,1.107151,1.097527,0.0,4.40682e-08,1.36669e-11,1.75024e-10,3.27378e-10,1.13744e-10,2.87965e-10,5.35134e-13,3.27378e-10,3.27378e-10,143.662338,1.341837,7.71948e-08
d_pretok,1641672,182730,182730,1,r,3.303547,0,8.984141,2,11,61.133,94.16,86.541,81.479,0.0,0.0,101.532227,89.516899,119.336067,101.191902,93.615486,94.764259,101.774338,101.844162,93.368927,99.835999,1.134224,0.850809,1.003363,1.084567,1.071419,0.997621,0.996937,1.087431,1.01699,0.0,4.40918e-08,1.70589e-11,6.99729e-11,1.02534e-10,5.71987e-11,0.0,0.0,1.02534e-10,1.02534e-10,79.42733,1.278303,6.32461e-08
rajat30,6175377,643994,643994,0,r,0.035451,0,9.589184,1,454746,99.177,78.669,41.25,6.182,98.71600000000001,79.367,8319.083984,7987.060059,8171.36084,8343.269531,8701.295898,8346.652344,9166.337891,9232.407227,8873.967773,8612.787109,1.04157,1.018078,0.997101,0.956074,0.996697,0.907569,0.901074,0.937471,0.965899,0.0,4.29582e-08,1.94836e-11,5.28417e-12,4.4376e-10,1.85949e-12,6.33946e-09,1.72808e-11,4.4376e-10,4.4376e-10,7690.586914,1.081723,9.28351e-08
brainpc2,179395,27607,27607,1,r,30.881369,0,6.498171,1,13799,66.52900000000001,69.19999999999999,23.080000000000002,23.076,19.234,19.23,290.923126,296.067566,295.732605,300.9823,304.290375,304.926636,301.817535,304.432983,304.997498,298.031464,0.982624,0.983737,0.966579,0.956071,0.954076,0.963904,0.955623,0.953854,0.976149,0.0,3.76416e-08,1.97181e-11,2.32277e-11,1.1753e-10,2.02995e-11,1.15766e-10,6.22573e-13,1.1753e-10,1.1753e-10,278.831787,1.043364,5.60092e-08
bloweya,150009,30004,30004,1,r,0.121326,0,4.999633,2,10001,26.669999999999998,26.667999999999996,13.333999999999998,13.333999999999998,13.333999999999998,13.333999999999998,208.209595,212.18045,219.384094,218.011749,212.665314,212.796005,212.964127,212.665466,213.249954,224.078461,0.981285,0.949064,0.955038,0.979048,0.978447,0.977674,0.979048,0.976364,0.929182,0.0,4.36891e-08,2.07151e-11,1.65643e-16,8.44253e-17,8.44253e-17,8.44253e-17,8.44253e-17,8.44253e-17,8.44253e-17,199.686844,1.042681,1.30149e-07
s3dkq4m2,4820891,90449,90449,1,r,4.04423,0,53.29955,13,54,81.238,81.961,49.903999999999996,49.902,49.902,49.813,172.990173,145.966599,160.615967,161.427902,162.429306,162.827225,162.835617,163.169754,162.035065,171.524826,1.185135,1.077042,1.071625,1.065018,1.062416,1.062361,1.060185,1.067609,1.008543,0.0,5.13902e-08,2.36497e-11,6.02798e-11,1.65224e-11,1.61426e-11,1.61426e-11,1.60304e-11,1.65224e-11,1.65224e-11,140.08934,1.234856,7.8316e-08
s3dkt3m2,3753461,90449,90449,1,r,9.111483,0,41.498093,7,42,75.747,79.152,50.014,49.903,31.65,31.394,155.460571,133.851456,150.586472,144.285278,143.244583,143.251007,146.181061,146.300766,140.615707,148.435547,1.161441,1.032367,1.077453,1.085281,1.085232,1.06348,1.062609,1.10557,1.047327,0.0,4.55871e-08,2.99524e-11,6.60514e-11,4.19264e-11,3.04939e-11,1.11819e-11,1.09074e-11,4.19264e-11,4.19264e-11,127.739166,1.217016,7.42269e-08
matrix-new_3,2678750,125329,125329,0,r,0.001895,0,21.373744,12,9358,98.10600000000001,98.03,96.284,60.504999999999995,96.56099999999999,61.716,247.292923,227.533569,250.235779,251.407928,231.457214,269.265686,231.172638,266.630219,228.835449,234.77095,1.086841,0.98824,0.983632,1.068417,0.918397,1.069733,0.927475,1.080658,1.053337,0.0,2.62e-08,3.82307e-11,2.14824e-11,2.4401e-08,1.81232e-11,2.4401e-08,3.82307e-11,2.4401e-08,2.4401e-08,214.56636,1.152524,2.83345e-08
FullChip,26621990,2987012,2987012,0,r,0.000271,0,8.912582,1,2312481,99.996,99.919,99.797,82.78,99.997,90.863,48938.363281,48050.976562,49811.15625,49831.710938,51000.433594,49053.414062,47225.894531,49362.851562,49908.613281,50135.003906,1.018468,0.982478,0.982073,0.959568,0.997655,1.036261,0.991401,0.980559,0.976132,0.0,2.0096e-08,4.37687e-11,7.46533e-14,1.60591e-08,4.90359e-14,1.71868e-08,3.89251e-11,1.60591e-08,1.60591e-08,46763.917969,1.046498,6.05435e-08
Raj1,1302464,263743,263743,0,r,0.517423,0,4.938383,1,40468,71.14200000000001,63.858000000000004,48.247,38.080000000000005,54.887,45.127,1509.933838,1308.203735,1536.440918,1555.316406,1683.562866,1495.2677,1674.175293,1514.572266,1682.128418,1510.848633,1.154204,0.982748,0.970821,0.896868,1.009808,0.901897,0.996937,0.897633,0.999395,0.0,3.45973e-08,6.40268e-11,3.06662e-11,8.52437e-10,1.92379e-11,8.54137e-10,3.82217e-11,8.52437e-10,8.52437e-10,1241.667969,1.216053,4.06456e-08
dc2,766396,116835,116835,0,r,0.346345,0,6.559644,1,114190,64.72099999999999,59.596000000000004,29.044999999999998,28.576,29.115000000000002,29.059,3910.44458,3652.303955,4024.4021,4086.905762,3772.231201,3813.291992,3772.692383,3806.662842,3807.3479,4123.431641,1.070679,0.971683,0.956823,1.03664,1.025477,1.036513,1.027263,1.027078,0.948347,0.0,4.1672e-08,6.51102e-11,1.55456e-11,7.52163e-12,6.90954e-12,5.63287e-11,7.55779e-12,7.52163e-12,7.52163e-12,3482.312744,1.122945,5.19794e-07
dc1,766396,116835,116835,0,r,0.344821,0,6.559644,1,114190,64.732,59.663,29.658,29.122999999999998,29.658,29.122999999999998,3910.672119,3652.469727,4024.775391,4080.280029,3776.009521,3807.634766,3776.54126,3806.899414,3788.01709,4152.152832,1.070693,0.97165,0.958432,1.035663,1.027061,1.035517,1.027259,1.03238,0.941842,0.0,3.48001e-08,8.87339e-11,1.2123e-12,3.27349e-10,9.78565e-13,3.27349e-10,9.78565e-13,3.27349e-10,3.27349e-10,3482.57959,1.122924,2.52569e-06
TSOPF_RS_b300_c3,4413449,42138,42138,0,r,0.009525,0,104.73798,1,209,97.109,97.087,98.021,0.0,98.03399999999999,0.01,152.083527,108.171204,117.198944,115.924034,109.004578,150.707779,108.91066,150.32576,108.913185,109.523842,1.405952,1.297653,1.311924,1.395203,1.009129,1.396406,1.011693,1.396374,1.388588,0.0,3.93497e-08,1.01102e-10,1.80449e-12,5.71321e-10,0.0,5.77883e-10,6.77876e-11,5.71321e-10,5.71321e-10,104.838173,1.45065,6.92959e-08
c-73,1279274,169422,169422,1,r,4.468673,0,7.550814,2,39937,43.279,85.119,88.872,11.834999999999999,13.014999999999999,0.0,1266.223755,1249.530396,1362.526123,1336.781494,1238.2677,1655.276855,1325.703979,1305.14209,1251.000732,1268.477661,1.01336,0.929321,0.947218,1.022577,0.764962,0.955133,0.970181,1.012169,0.998223,0.0,4.43782e-08,1.1191e-10,4.38048e-10,4.40779e-08,2.14529e-10,3.1238e-08,0.0,4.40779e-08,4.40779e-08,1180.847412,1.072301,5.73674e-08
dc3,766396,116835,116835,0,r,0.347674,0,6.559644,1,114190,66.828,59.534,28.877000000000002,28.326,29.065,28.910999999999998,3911.518066,3652.551758,4122.861816,4105.394531,3770.375,3812.522217,3772.478027,3808.844238,3809.474365,4124.087402,1.0709,0.948739,0.952775,1.037435,1.025966,1.036856,1.026957,1.026787,0.948457,0.0,2.09608e-08,1.12565e-10,1.04121e-11,1.09786e-11,7.48949e-12,4.87098e-11,8.72941e-12,1.09786e-11,1.09786e-11,3482.192871,1.123292,7.43356e-07
mult_dcop_02,193276,25187,25187,0,r,0.002717,0,7.673641,1,22767,99.556,99.098,96.978,76.022,99.67200000000001,78.238,462.543823,475.432617,478.782471,478.460297,471.045502,474.601929,471.862701,472.184753,476.995087,476.176514,0.97289,0.966083,0.966734,0.981951,0.974593,0.980251,0.979582,0.969704,0.971371,0.0,8.02567e-08,1.1453e-10,7.01033e-12,6.7383e-08,5.03041e-12,7.50605e-08,1.12639e-10,6.7383e-08,6.7383e-08,441.805481,1.04694,1.22895e-07
rajat21,1893370,411676,411676,0,r,0.321819,0,4.599175,1,118689,81.889,58.547000000000004,24.258,15.575,61.345000000000006,52.878,4681.974609,4257.179199,4770.777344,4850.955566,4751.729492,4831.625,4687.642578,4568.143555,4760.633301,4903.102051,1.099783,0.981386,0.965165,0.98532,0.969027,0.998791,1.024918,0.983477,0.954901,0.0,4.18794e-08,1.22507e-10,3.44889e-11,2.41863e-09,2.89363e-11,2.42381e-09,1.05652e-10,2.41863e-09,2.41863e-09,4116.222656,1.137444,2.23402e-07
trans4,766396,116835,116835,0,r,0.159118,0,6.559644,1,114190,89.79,88.066,41.062,40.424,48.315000000000005,46.729,3910.566162,3652.876953,3942.513916,3995.047119,3722.439209,3789.044678,3766.14209,3769.055664,3738.936523,4095.814941,1.070544,0.991897,0.978854,1.050539,1.032072,1.038348,1.037545,1.045903,0.954771,0.0,1.83968e-08,1.51478e-10,6.42697e-12,1.14953e-09,2.25593e-12,1.16014e-09,1.21402e-10,1.14953e-09,1.14953e-09,3482.060059,1.123061,8.97214e-07
rajat17,641159,94294,94294,0,r,0.007379,0,6.799574,1,28755,98.095,92.062,85.617,76.41799999999999,96.72,86.768,925.10144,893.597839,930.091187,957.024048,896.392822,1205.287598,823.344971,1204.054932,895.601624,924.077209,1.035255,0.994635,0.966644,1.032027,0.767536,1.123589,0.768322,1.032939,1.001108,0.0,1.42595e-08,1.81824e-10,2.14505e-12,7.72826e-09,1.63143e-12,7.79302e-09,1.57813e-10,7.72826e-09,7.72826e-09,573.633606,1.612704,1.77702e-08
rajat18,485143,94294,94294,0,r,0.009752,0,5.145004,1,28747,97.482,91.235,84.727,74.027,96.258,83.551,906.537415,598.165466,694.603149,747.746399,612.337036,1119.775024,599.563477,1001.059692,622.487183,862.602234,1.51553,1.305116,1.212359,1.480455,0.809571,1.511996,0.905578,1.456315,1.050933,0.0,1.86601e-08,1.9567e-10,4.68786e-12,1.45326e-08,3.99355e-12,1.45987e-08,1.72628e-10,1.45326e-08,1.45326e-08,563.218384,1.609566,2.04563e-08
bloweybl,120000,30003,30003,1,r,0.083493,0,3.9996,1,10001,33.338,33.335,16.667,16.667,16.667,16.667,390.971008,399.955444,388.096741,387.879395,398.033722,398.030548,398.033539,398.034088,398.965912,399.090393,0.977536,1.007406,1.007971,0.982256,0.982264,0.982256,0.982255,0.979961,0.979655,0.0,2.7593e-08,2.49357e-10,2.4927e-10,1.0726e-16,1.0726e-16,1.0726e-16,1.0726e-16,1.0726e-16,1.0726e-16,374.242279,1.0447,2.36247e-07
rajat29,4866270,643994,643994,0,r,0.002731,0,7.55639,1,454521,99.224,98.849,98.271,78.069,99.401,78.81899999999999,16699.771484,16233.412109,16823.482422,16742.445312,16063.929688,19616.951172,16000.96582,19608.955078,16328.691406,16489.699219,1.028728,0.992647,0.997451,1.039582,0.851293,1.043673,0.85164,1.022726,1.01274,0.0,3.75517e-08,2.50092e-10,1.55805e-12,3.33352e-08,1.18305e-12,3.33401e-08,1.88632e-10,3.33352e-08,3.33352e-08,16026.858398,1.041987,4.64244e-08
rajat16,641159,94294,94294,0,r,0.007545,0,6.799574,1,28755,98.09400000000001,87.901,73.33800000000001,41.081,96.708,86.702,925.786438,892.873779,929.605835,956.307739,1016.473389,960.248474,798.63678,1217.58606,1012.177917,1028.048096,1.036861,0.995891,0.968084,0.910783,0.964111,1.159208,0.760346,0.914648,0.900528,0.0,3.38605e-08,2.88466e-10,1.14969e-11,1.67972e-08,8.35114e-12,1.69355e-08,2.54327e-10,1.67972e-08,1.67972e-08,573.619385,1.613939,4.59447e-08
trans5,766396,116835,116835,0,r,0.138055,0,6.559644,1,114190,91.88199999999999,88.548,43.201,41.827,54.055,52.300000000000004,3910.686768,3652.830078,3965.604004,3975.295898,3759.522705,3795.420166,3822.548584,3788.699219,3809.320312,4101.428711,1.070591,0.986152,0.983747,1.040208,1.03037,1.023057,1.032198,1.02661,0.953494,0.0,2.83505e-08,3.37016e-10,3.09025e-11,2.95184e-09,2.28836e-11,3.02631e-09,2.41168e-10,2.95184e-09,2.95184e-09,3481.977051,1.123122,2.34134e-07
shermanACb,145149,18510,18510,0,r,0.025037,0,7.841653,1,10405,89.655,83.231,61.185,41.035,76.40400000000001,52.549,207.817947,208.480225,212.998245,214.559357,208.840347,218.600739,225.344452,227.031906,210.447327,212.1689,0.996823,0.975679,0.96858,0.995104,0.950674,0.922223,0.915369,0.987506,0.979493,0.0,2.80313e-08,4.98509e-10,3.08169e-11,8.10813e-10,1.53837e-11,1.10215e-09,3.39896e-10,8.10813e-10,8.10813e-10,195.616058,1.062377,8.61193e-08
SiO2,11283503,155331,155331,1,r,0.31934,0,72.641668,15,2749,82.663,74.959,50.864,0.0,50.864,0.0,373.313782,290.036346,326.161011,330.270966,328.398499,375.830902,328.476501,375.871155,326.611816,329.947296,1.287128,1.144569,1.130326,1.136771,0.993303,1.136501,0.993196,1.142989,1.131435,0.0,4.10455e-08,5.86292e-10,8.23841e-11,5.05222e-09,0.0,5.05222e-09,0.0,5.05222e-09,5.05222e-09,278.304382,1.341387,7.05973e-08
mult_dcop_01,193276,25187,25187,0,r,0.000275,0,7.673641,1,22767,99.727,99.636,100.0,78.476,100.0,78.77300000000001,462.526367,475.575928,478.356659,479.293579,472.879242,472.002289,472.882812,474.707581,477.791626,475.824005,0.972561,0.966907,0.965017,0.978107,0.979924,0.978099,0.97434,0.96805,0.972053,0.0,2.74599e-08,6.35113e-10,2.62391e-11,2.74599e-08,2.52389e-11,2.74599e-08,2.75439e-11,2.74599e-08,2.74599e-08,441.769531,1.046986,4.31298e-08
mult_dcop_03,193216,25187,25187,0,r,0.000446,0,7.671259,1,22767,99.69200000000001,76.883,38.705,28.360000000000003,100.0,78.66300000000001,462.849609,474.563171,480.044342,472.654785,474.223419,471.158691,472.398956,472.206329,473.307587,473.278107,0.975317,0.964181,0.979255,0.976016,0.982365,0.979785,0.980185,0.977904,0.977965,0.0,3.28247e-08,9.69403e-10,3.52087e-11,1.35403e-08,2.11376e-11,3.28247e-08,9.15454e-10,1.35403e-08,1.35403e-08,441.587616,1.048149,8.50964e-08
matrix_9,2121550,103430,103430,0,r,0.000269,0,20.51194,12,4057,99.74499999999999,95.829,84.15599999999999,69.961,98.819,96.20100000000001,155.582596,142.173187,152.103806,162.097122,137.788391,159.799545,141.52829,151.898148,139.752029,153.934937,1.094317,1.022871,0.959811,1.129142,0.973611,1.099304,1.024256,1.113276,1.010704,0.0,2.33005e-08,1.15559e-09,2.67545e-11,1.85429e-08,6.42713e-12,1.85788e-08,1.15559e-09,1.85429e-08,1.85429e-08,131.467865,1.183427,3.02839e-08
3D_51448_3D,1056610,51448,51448,0,r,0.000986,0,20.537436,12,5671,99.18,97.612,89.93100000000001,75.254,97.045,86.917,116.188606,102.779076,111.44957,115.225021,106.647614,126.925468,105.280418,126.272896,104.610596,111.526909,1.130469,1.042522,1.008363,1.089463,0.915408,1.103611,0.920139,1.110677,1.041799,0.0,6.51398e-08,2.1666e-09,8.36655e-12,4.81333e-09,5.48504e-12,5.52614e-09,1.79705e-09,4.81333e-09,4.81333e-09,97.227135,1.195022,1.28412e-07
ibm_matrix_2,1056610,51448,51448,0,r,0.000985,0,20.537436,12,5671,99.18,97.627,89.982,75.497,97.045,86.917,116.112129,102.273438,111.450592,114.150368,105.566559,126.137695,105.27552,126.312416,105.015648,111.567741,1.135311,1.041826,1.017186,1.099895,0.920519,1.102936,0.919246,1.105665,1.040732,0.0,3.80929e-08,4.2201e-09,1.52839e-11,9.24094e-09,9.59877e-12,1.04833e-08,3.4633e-09,9.24094e-09,9.24094e-09,96.918976,1.198033,8.69676e-08
webbase-1M,3105536,1000005,1000005,0,r,0.032201,0,3.10552,1,4700,70.395,50.583,67.914,5.383,100.0,22.795,489.736328,457.57019,496.123627,496.414978,501.353088,484.224426,457.194733,504.849243,502.759857,494.156677,1.070298,0.987126,0.986546,0.976829,1.011383,1.071177,0.970064,0.974096,0.991055,0.0,2.69203e-08,4.35389e-09,8.81856e-10,2.40867e-08,3.47634e-10,2.69203e-08,3.3635e-09,2.40867e-08,2.40867e-08,432.405243,1.132586,4.07078e-08
language,1216334,399130,399130,0,r,0.066169,0,3.047463,1,11555,38.696000000000005,28.081,24.29,0.0,41.757,0.0,951.591797,884.347595,983.421082,991.338379,958.445068,948.240601,956.148071,948.318909,959.12915,974.674438,1.076038,0.967634,0.959906,0.99285,1.003534,0.995235,1.003451,0.992141,0.976318,0.0,2.74751e-08,8.25212e-09,1.85463e-10,7.99223e-09,0.0,1.29079e-08,0.0,7.99223e-09,7.99223e-09,837.747192,1.135894,5.34106e-08
memchip,14810202,2707524,2707524,0,r,0.007183,0,5.470017,2,27,99.124,61.648,22.758,12.534,99.018,96.45,853.385864,709.934631,768.151794,1001.8255,855.930481,856.381104,718.684692,715.922424,854.44458,1017.022766,1.202063,1.11096,0.851831,0.997027,0.996502,1.187427,1.192009,0.998761,0.839102,0.0,3.3154e-08,1.29398e-08,1.10743e-10,1.24156e-08,7.59351e-11,3.06301e-08,1.09531e-08,1.24156e-08,1.24156e-08,661.033997,1.290986,5.12848e-08
stomach,3021648,213360,213360,0,r,0.007154,0,14.162205,7,19,95.779,71.044,26.924,0.0,99.997,19.88,147.406662,124.508995,151.84407,152.71283,146.822662,147.413528,125.066307,153.291367,146.505157,149.60611,1.183904,0.970777,0.965254,1.003978,0.999953,1.178628,0.961611,1.006153,0.985298,0.0,4.96191e-08,1.65916e-08,3.33147e-10,2.69119e-08,0.0,4.96146e-08,1.6477e-08,2.69119e-08,2.69119e-08,114.485085,1.287562,7.23217e-08
gsm_106857,21758924,589446,589446,1,r,0.00835,0,36.914194,12,106,98.685,51.504000000000005,25.302999999999997,25.302000000000003,84.57000000000001,76.85499999999999,1031.407227,762.369385,821.5802,1120.230591,986.61792,987.752136,854.419373,872.788879,983.890747,1034.615479,1.352897,1.255394,0.92071,1.045397,1.044196,1.207144,1.181737,1.048294,0.996899,0.0,4.47074e-08,1.76567e-08,1.71196e-10,1.21266e-11,1.20979e-11,1.64035e-08,8.697e-09,1.21266e-11,1.21266e-11,714.81958,1.442892,7.83862e-08
largebasis,5560100,440020,440020,0,r,0.011514,0,12.636017,4,14,90.647,88.488,25.179000000000002,25.179000000000002,53.238,25.179000000000002,272.346436,222.214432,286.218536,285.745087,254.914246,254.96077,249.984741,255.042465,256.481689,262.888489,1.225602,0.951533,0.95311,1.068385,1.06819,1.089452,1.067847,1.061855,1.035977,0.0,3.99963e-08,1.78998e-08,8.71628e-12,8.48578e-12,8.48578e-12,2.13408e-08,8.48578e-12,8.48578e-12,8.48578e-12,203.698654,1.337007,6.54848e-08
Freescale1,18920347,3428755,3428755,0,r,0.008902,0,5.518139,1,27,98.411,64.895,27.961000000000002,18.099999999999998,97.083,93.10300000000001,1163.999634,948.615906,1014.069885,1337.726196,1135.783447,1174.287109,953.215515,954.223206,1148.259888,1361.993774,1.227051,1.14785,0.870133,1.024843,0.991239,1.22113,1.21984,1.013707,0.854629,0.0,4.46191e-08,2.25688e-08,1.19291e-10,1.3187e-08,8.68768e-11,2.9197e-08,2.05988e-08,1.3187e-08,1.3187e-08,879.331848,1.323732,6.14051e-08
t3dh_a,4352105,79171,79171,1,r,0.00031,0,54.970949,20,81,99.99,82.973,73.976,44.080999999999996,100.0,99.49799999999999,157.561569,129.575974,134.389954,151.466721,139.20282,148.317154,130.195267,130.816605,137.61734,141.807678,1.215978,1.172421,1.040239,1.131885,1.062329,1.210194,1.204446,1.144925,1.111093,0.0,4.25137e-08,3.80864e-08,6.1837e-11,7.73364e-11,2.74898e-11,4.25137e-08,3.11644e-08,7.73364e-11,7.73364e-11,123.623711,1.274525,7.22644e-08
t3dh,4352105,79171,79171,1,r,0.00031,0,54.970949,20,81,99.99,82.973,73.976,44.080999999999996,100.0,99.49799999999999,161.819016,129.579681,135.460648,151.516647,139.373413,148.361542,130.197693,131.087708,137.618759,141.892899,1.248799,1.194583,1.067995,1.161047,1.090707,1.242872,1.234433,1.17585,1.140431,0.0,4.48344e-08,3.95856e-08,6.21986e-11,7.73299e-11,2.78396e-11,4.48344e-08,3.35692e-08,7.73299e-11,7.73299e-11,123.590302,1.309318,7.25514e-08
stat96v4,491336,3173,63076,0,r,0.012214,0,154.849039,2,41473,99.823,24.462,21.102,0.0,100.0,66.06,367.035828,238.61351,243.226532,401.205353,384.729218,498.228424,243.290588,298.556885,360.308899,362.57428,1.538202,1.509029,0.914833,0.954011,0.736682,1.508631,1.229366,1.01867,1.012305,0.0,4.36684e-08,4.26054e-08,3.49995e-10,7.21003e-09,0.0,4.36684e-08,3.55185e-08,7.21003e-09,7.21003e-09,227.788345,1.611302,2.16129e-07
t3dh_e,4352105,79171,79171,1,r,0.0,0,54.970949,20,81,100.0,18.807,15.995000000000001,15.639,100.0,100.0,157.602234,129.579102,133.97702,159.847046,154.097061,154.456039,130.206055,130.241989,154.258011,156.823074,1.216263,1.176338,0.985956,1.022747,1.02037,1.210406,1.210072,1.021679,1.004968,0.0,4.54827e-08,4.54827e-08,1.27447e-10,1.16635e-10,1.05447e-10,4.54827e-08,4.54827e-08,1.16635e-10,1.16635e-10,123.618561,1.274908,7.87664e-08