matrix,nnz,rows,cols,sym,type,range,empty-rows,avg-nz-row,min-nz-row,max-nz-row,ent-base-singles,ent-base-doubles,ent-base-prc,ent-singles,ent-doubles,ent-prc,row-singles,row-doubles,row-prc,fp64-rt,fp32(64)-rt,ent-base-rt,ent-split-rt,row-split-rt,row-comp-rt,row-dual-rt,fp32(64)-spup,ent-base-spup,ent-split-spup,row-split-spup,row-comp-spup,row-dual-spup,fp64-relerr,fp32(64)-relerr,ent-base-relerr,ent-split-relerr,row-split-relerr,row-comp-relerr,row-dual-relerr,fp32(32)-rt,fp32(32)-spup,fp32(32)-relerr
boyd1,1211231,93279,93279,1,r,1315117.319535,0,12.985034,3,93261,0,1211231,0.0,750835,460396,61.989000000000004,302781,908450,24.998,1689.995239,1625.636841,1689.708374,2980.275879,2086.120361,1968.328735,3709.73999,1.03959,1.00017,0.56706,0.810114,0.858594,0.455556,0.0,7.11682e-08,0.0,5.93134e-10,3.75929e-09,3.75929e-09,3.75929e-09,1547.605957,1.092006,1.86127e-07
offshore,4242673,259789,259789,1,r,135017329162.61499,0,16.331226,5,31,628,4242045,0.015,4067680,174993,95.875,4043330,199343,95.301,267.493378,248.218628,282.477295,266.947113,253.01709,252.697601,258.929657,1.077652,0.946955,1.002046,1.057215,1.058551,1.033074,0.0,4.53462e-08,7.03011e-19,1.83284e-11,2.43526e-11,2.43526e-11,2.43526e-11,217.838593,1.227943,6.87815e-08
bmw7st_1,7339667,141347,141347,1,r,99745739.159954,0,51.926585,1,435,159012,7180655,2.166,7335725,3942,99.946,7307059,32608,99.556,263.075836,219.497467,279.194336,229.044922,223.879166,222.979065,225.217529,1.198537,0.942268,1.148577,1.17508,1.179823,1.168097,0.0,2.44988e-09,2.71164e-18,2.05848e-14,3.09447e-13,3.09447e-13,3.09447e-13,210.0224,1.252608,3.18666e-08
2cubes_sphere,1647264,101492,101492,1,r,5142940.067247,0,16.230481,5,31,14840,1632424,0.901,1383773,263491,84.004,1305541,341723,79.255,106.665985,97.293312,116.697952,116.306496,102.040573,101.131264,105.012222,1.096334,0.914035,0.917111,1.045329,1.054728,1.015748,0.0,4.50429e-08,5.23216e-18,6.39372e-11,1.20643e-10,1.20643e-10,1.20643e-10,85.582848,1.246348,6.60016e-08
m_t1,9753570,97578,97578,1,r,84596259.538921,0,99.95665,48,237,150,9753420,0.002,7849265,1904305,80.476,3937731,5815839,40.372,288.826355,213.125122,293.912109,260.188385,263.632904,262.323212,274.1586,1.355196,0.982696,1.110066,1.095563,1.101032,1.053501,0.0,4.31793e-08,6.70834e-18,1.35958e-10,6.81772e-11,6.81772e-11,6.81772e-11,204.772354,1.410475,7.78692e-08
pre2,5959282,659033,659033,0,r,484883.69767,0,9.042464,1,628,2464565,3494717,41.357,5682088,277194,95.34899999999999,5282099,677183,88.637,379.238403,326.356995,459.109467,376.325775,341.241852,346.865662,382.061554,1.162035,0.82603,1.00774,1.111348,1.093329,0.992611,0.0,4.44602e-08,4.19786e-17,9.39029e-12,2.13532e-08,2.13532e-08,2.13532e-08,295.010315,1.285509,4.90647e-08
StocF-1465,21005389,1465137,1465137,1,r,108875.813749,0,14.336809,1,189,11469525,9535864,54.603,19858131,1147258,94.538,14201029,6804360,67.607,946.932739,756.432922,1088.994995,887.379028,820.855835,831.24939,928.52124,1.25184,0.869547,1.067112,1.153592,1.139168,1.019829,0.0,6.00079e-08,4.41358e-17,1.27191e-12,1.42956e-10,1.42956e-10,1.42956e-10,700.259338,1.35226,6.66358e-08
kkt_power,14612663,2063494,2063494,1,r,54445247.04454,0,7.081515,1,96,2409714,12202949,16.491,14413034,199629,98.634,13405493,1207170,91.739,823.573486,657.088501,870.667908,713.323792,687.506409,692.243469,722.542603,1.253368,0.94591,1.154558,1.197914,1.189717,1.139827,0.0,5.17042e-08,7.9022e-17,3.10769e-12,2.89355e-12,2.89355e-12,2.89355e-12,630.022156,1.307214,7.47041e-08
ohne2,11063545,181343,181343,0,r,3087214.957937,0,61.008944,15,3441,9892508,1171037,89.415,10868568,194977,98.238,8429613,2633932,76.193,392.555511,314.715149,374.974304,335.474487,336.949249,333.798401,342.191101,1.247336,1.046886,1.17015,1.165029,1.176026,1.147182,0.0,3.74402e-08,8.34341e-17,1.57159e-12,1.84474e-12,1.84474e-12,1.84474e-12,301.440002,1.302267,5.83722e-08
ct20stif,2698463,52329,52329,1,r,276274.177348,0,51.567257,2,207,150053,2548410,5.561,2262690,435773,83.851,371812,2326651,13.779,105.483261,84.773888,109.431778,104.4105,99.558403,100.120575,103.965698,1.24429,0.963918,1.010274,1.059511,1.053562,1.014597,0.0,5.6019e-08,9.18479e-17,2.74389e-12,1.31427e-12,1.31427e-12,1.31427e-12,80.860161,1.304515,7.30009e-08
bmw3_2,11288630,227362,227362,1,r,1342093.715399,0,49.650469,2,336,382006,10906624,3.3840000000000003,11132262,156368,98.615,10367962,920668,91.84400000000001,407.044098,343.351288,434.623901,371.82135,353.321991,345.832458,357.242889,1.185503,0.936543,1.09473,1.152049,1.176998,1.139404,0.0,4.36036e-08,1.02938e-16,1.92871e-12,2.48593e-12,2.48593e-12,2.48593e-12,327.806976,1.241719,8.54035e-08
barrier2-9,3897557,115625,115625,0,r,10555548.420123,0,33.708601,8,8437,2954931,942626,75.815,3795948,101609,97.393,2965593,931964,76.089,206.369797,180.250626,223.844254,189.521347,192.559097,188.782593,190.764038,1.144905,0.921935,1.0889,1.071722,1.093161,1.081807,0.0,4.85313e-08,1.0856e-16,7.32582e-12,9.59558e-12,9.59558e-12,9.59558e-12,171.080704,1.206272,6.69496e-08
barrier2-10,3897557,115625,115625,0,r,10555547.994509,0,33.708601,8,8437,2953459,944098,75.777,3795948,101609,97.393,2965593,931964,76.089,213.60025,180.256775,224.0849,189.530426,192.286713,188.816391,190.61351,1.184978,0.953211,1.126997,1.110842,1.131259,1.120593,0.0,4.24484e-08,1.1284e-16,7.20757e-12,9.19065e-12,9.19065e-12,9.19065e-12,171.054077,1.248729,6.27082e-08
barrier2-1,3805068,113076,113076,0,r,10230398.300083,0,33.650536,10,7031,2881209,923859,75.72,3703406,101662,97.328,2874909,930159,75.555,191.783936,163.633148,201.140991,174.200256,175.615997,173.280258,176.953339,1.172036,0.95348,1.100939,1.092064,1.106785,1.083811,0.0,4.2122e-08,1.18824e-16,7.08766e-12,9.29054e-12,9.29054e-12,9.29054e-12,156.040192,1.229068,5.33899e-08
para-9,5416358,155924,155924,0,r,10441524.348986,0,34.737167,8,6931,4248068,1168290,78.43,5240827,175531,96.759,3769028,1647330,69.586,243.769348,204.756989,264.445892,228.436005,213.94841,216.763397,223.531006,1.19053,0.921812,1.067123,1.139384,1.124587,1.090539,0.0,4.4405e-08,1.1908e-16,8.48557e-12,5.72978e-12,5.72978e-12,5.72978e-12,194.023422,1.256391,5.42575e-08
barrier2-4,3805068,113076,113076,0,r,10230392.203235,0,33.650536,10,7031,2857763,947305,75.104,3703401,101667,97.328,2874909,930159,75.555,191.890427,163.611649,200.963806,174.211105,175.927292,173.260803,176.970749,1.172841,0.954851,1.101482,1.090737,1.107524,1.084306,0.0,4.74917e-08,1.19786e-16,8.82543e-12,1.11168e-11,1.11168e-11,1.11168e-11,156.102661,1.229258,6.66997e-08
ship_003,8086034,121728,121728,1,r,10428519468615.148,0,66.427067,18,144,4461168,3624866,55.17100000000001,8009991,76043,99.06,6514443,1571591,80.56400000000001,269.181946,209.77562,270.398499,225.612473,225.240067,220.839935,231.16185,1.28319,0.995501,1.193116,1.195089,1.218901,1.164474,0.0,4.25239e-08,1.23041e-16,1.58212e-12,1.28148e-11,1.28148e-11,1.28148e-11,200.743942,1.340922,6.89068e-08
Fault_639,28614564,638802,638802,1,r,69566884724.2095,0,44.794105,15,318,1479216,27135348,5.169,24331685,4282879,85.033,10258818,18355746,35.852000000000004,1068.911621,904.369141,1100.221191,1043.968506,1003.662354,1007.895569,1043.099609,1.181942,0.971542,1.023893,1.065011,1.060538,1.024745,0.0,4.57751e-08,1.30809e-16,4.36377e-11,2.43037e-11,2.43037e-11,2.43037e-11,857.597961,1.246402,6.79408e-08
barrier2-12,3897557,115625,115625,0,r,10555551.788214,0,33.708601,8,8437,2953216,944341,75.771,3795948,101609,97.393,2965593,931964,76.089,206.276611,180.148224,223.843903,189.548965,192.254974,188.648453,190.599167,1.145038,0.92152,1.08825,1.072933,1.093444,1.082253,0.0,4.85968e-08,1.31264e-16,7.89026e-12,1.02415e-11,1.02415e-11,1.02415e-11,171.018234,1.206167,6.36437e-08
para-7,5416358,155924,155924,0,r,9470910.719891,0,34.737167,8,6931,4248058,1168300,78.43,5237214,179144,96.693,3765234,1651124,69.516,237.935623,204.792831,264.313171,227.569702,213.651459,216.505341,223.620102,1.161836,0.900203,1.045551,1.113663,1.098983,1.064017,0.0,4.40629e-08,1.34781e-16,9.79106e-12,6.28666e-12,6.28666e-12,6.28666e-12,193.975296,1.226628,6.63691e-08
para-5,5416358,155924,155924,0,r,9514219.399477,0,34.737167,8,6931,4248061,1168297,78.43,5237159,179199,96.69200000000001,3763512,1652846,69.484,237.780991,204.706818,264.0914,227.804794,214.192123,216.600571,223.533051,1.161568,0.900374,1.043793,1.110129,1.097786,1.06374,0.0,5.28788e-08,1.36961e-16,1.0611e-11,7.48658e-12,7.48658e-12,7.48658e-12,193.872894,1.226479,7.26386e-08
barrier2-11,3897557,115625,115625,0,r,10555547.985004,0,33.708601,8,8437,2953459,944098,75.777,3795948,101609,97.393,2965593,931964,76.089,206.215164,180.137985,223.888794,189.431519,192.189438,188.974075,190.5961,1.144762,0.921061,1.0886,1.072979,1.091235,1.081948,0.0,4.56528e-08,1.41734e-16,8.03333e-12,1.00963e-11,1.00963e-11,1.00963e-11,171.013123,1.205844,6.10282e-08
para-4,5326228,153226,153226,0,r,9646595.256219,0,34.760602,10,5776,4169704,1156524,78.286,5148268,177960,96.65899999999999,3690097,1636131,69.282,233.452545,200.982529,255.704544,225.09465,210.023422,210.196487,219.078659,1.161556,0.912978,1.037131,1.111555,1.11064,1.065611,0.0,5.24597e-08,1.42073e-16,1.03541e-11,6.30936e-10,6.30936e-10,6.30936e-10,190.565369,1.225052,6.39126e-08
para-10,5416358,155924,155924,0,r,9859012.584405,0,34.737167,8,6931,4248070,1168288,78.43,5238435,177923,96.71499999999999,3765326,1651032,69.518,246.360062,204.818436,264.352997,228.08316,213.850113,216.35379,223.583237,1.202822,0.931936,1.080133,1.152022,1.138691,1.101872,0.0,4.52006e-08,1.42342e-16,1.03867e-11,6.85144e-12,6.85144e-12,6.85144e-12,193.942535,1.270273,6.68351e-08
barrier2-2,3805068,113076,113076,0,r,10230406.908208,0,33.650536,10,7031,2875532,929536,75.571,3703403,101665,97.328,2874909,930159,75.555,191.823868,163.571716,200.737122,174.25824,175.618042,173.220871,176.946182,1.17272,0.955597,1.100802,1.092279,1.107395,1.08408,0.0,4.37085e-08,1.45065e-16,7.99169e-12,1.03474e-11,1.03474e-11,1.03474e-11,156.136444,1.228566,5.79127e-08
PR02R,8185136,161070,161070,0,r,303761.12451,0,50.81726,1,92,5659702,2525434,69.146,8128755,56381,99.311,7917648,267488,96.732,290.29068,238.03392,299.828552,250.858337,240.959488,238.285828,244.6633,1.219535,0.968189,1.15719,1.204728,1.218246,1.18649,0.0,5.11676e-08,1.45708e-16,2.3293e-12,1.10684e-12,1.10684e-12,1.10684e-12,227.17543,1.277826,7.46555e-08
shipsec1,7813404,140874,140874,1,r,313648221.692814,0,55.463776,24,102,4560318,3253086,58.365,7455576,357828,95.42,4608780,3204624,58.986000000000004,268.392456,223.03334,269.734558,258.730804,248.391678,249.164795,261.787659,1.203374,0.995024,1.037342,1.080521,1.077168,1.02523,0.0,4.47507e-08,1.49288e-16,1.8463e-11,1.87718e-11,1.87718e-11,1.87718e-11,213.508102,1.25706,7.04969e-08
barrier2-3,3805068,113076,113076,0,r,10230406.584088,0,33.650536,10,7031,2874228,930840,75.53699999999999,3703403,101665,97.328,2874909,930159,75.555,197.776382,163.670013,201.518433,174.281189,175.835129,173.387772,177.163269,1.208385,0.981431,1.134812,1.124783,1.140659,1.116351,0.0,4.28471e-08,1.51151e-16,8.93361e-12,1.14172e-11,1.14172e-11,1.14172e-11,156.220413,1.266009,6.10873e-08
shipsec5,10113096,179860,179860,1,r,208212908.059064,0,56.227599,12,126,5872182,4240914,58.065,9642405,470691,95.346,5610652,4502444,55.479,345.4935,288.505859,356.454285,329.781219,318.991364,320.263153,335.396851,1.197527,0.969251,1.047645,1.083081,1.07878,1.030104,0.0,4.35124e-08,1.51301e-16,2.12711e-11,2.70709e-11,2.70709e-11,2.70709e-11,275.214325,1.255362,7.15605e-08
shipsec8,6653399,114919,114919,1,r,45190053.206004,0,57.896423,15,132,3746155,2907244,56.304,6243050,410349,93.83200000000001,3193294,3460105,47.995,226.964478,187.981827,232.261383,218.526947,212.610046,211.787781,225.262589,1.207375,0.977194,1.038611,1.067515,1.07166,1.007555,0.0,4.66504e-08,1.55738e-16,2.24852e-11,3.44633e-11,3.44633e-11,3.44633e-11,178.912262,1.26858,7.14993e-08
para-8,5416358,155924,155924,0,r,11929419.281808,0,34.737167,8,6931,4248096,1168262,78.431,5247567,168791,96.884,3783620,1632738,69.855,237.976578,204.805115,264.214386,225.947845,213.745667,216.111099,223.627258,1.161966,0.900695,1.053237,1.113363,1.101177,1.064166,0.0,4.16312e-08,1.58048e-16,5.69331e-12,3.70343e-12,3.70343e-12,3.70343e-12,194.036743,1.226451,5.31891e-08
para-6,5416358,155924,155924,0,r,9514219.396477,0,34.737167,8,6931,4248062,1168296,78.43,5237159,179199,96.69200000000001,3763512,1652846,69.484,237.813766,204.7314,264.035004,227.69162,214.15834,216.439804,223.613953,1.161589,0.90069,1.044456,1.110458,1.098752,1.063501,0.0,4.91498e-08,1.61568e-16,1.09939e-11,7.47288e-12,7.47288e-12,7.47288e-12,193.937408,1.22624,6.84158e-08
boyd2,1500397,466316,466316,1,r,92091.204481,0,3.217554,2,93262,279783,1220614,18.647,1461565,38832,97.41199999999999,1480523,19874,98.675,7924.99707,7729.510254,7923.992188,7765.55957,7697.785645,7667.95166,7664.763672,1.025291,1.000127,1.020531,1.029516,1.033522,1.033952,0.0,3.61754e-08,2.09225e-16,6.44176e-12,3.23432e-08,3.23432e-08,3.23432e-08,7529.520996,1.052523,5.38682e-07
oilpan,3597188,73752,73752,1,r,6622.635784,0,48.774108,28,70,1767180,1830008,49.126999999999995,2199300,1397888,61.138999999999996,850619,2746569,23.647000000000002,138.012665,111.893501,141.564896,132.476318,132.02739,131.933182,138.614777,1.233429,0.974907,1.041791,1.045334,1.04608,0.995656,0.0,4.04544e-08,1.10845e-15,1.55606e-10,5.71683e-15,5.71683e-15,5.71683e-15,106.88205,1.291261,7.10959e-08
Chebyshev4,5377761,68121,68121,0,r,54.083825,0,78.944246,9,68121,5343556,34205,99.36399999999999,5368574,9187,99.82900000000001,5319251,58510,98.912,829.429749,753.386475,761.147888,765.350525,763.645935,766.84491,761.061401,1.100935,1.089709,1.083725,1.086144,1.081613,1.089833,0.0,4.31512e-08,4.99748e-15,1.61047e-13,1.70751e-13,1.70751e-13,1.70751e-13,736.8479,1.125646,8.61178e-08
ulevimin,164538,6590,46937,0,r,3145.350073,0,24.96783,1,24973,17508,147030,10.641,160308,4230,97.429,160148,4390,97.332,147.161026,140.587936,184.515808,145.281311,143.456161,142.265701,142.115768,1.046754,0.797552,1.012938,1.025826,1.03441,1.035501,0.0,4.64793e-08,6.57577e-15,4.42993e-12,4.30788e-12,4.30788e-12,4.30788e-12,132.799271,1.108146,8.02215e-08
pwtk,11634424,217918,217918,1,r,4005.682125,0,53.389,2,180,1534027,10100397,13.184999999999999,8056862,3577562,69.25,1624049,10010375,13.959,408.183807,342.266876,451.83902,392.250031,402.965515,403.414001,422.721527,1.192589,0.903383,1.040621,1.01295,1.011824,0.965609,0.0,4.49205e-08,1.55529e-14,1.23685e-10,2.77636e-11,2.77636e-11,2.77636e-11,326.359039,1.25072,7.86565e-08
ESOC,6019939,327062,37830,0,r,5319.044603,0,18.40611,8,19,712391,5307548,11.834,3303535,2716404,54.876999999999995,2928204,3091735,48.642,318.915588,291.921906,355.235199,358.507141,312.457214,313.678833,343.686157,1.092469,0.897759,0.889566,1.02067,1.016695,0.927927,0.0,4.31016e-08,5.07871e-14,2.11477e-10,4.33862e-12,4.33862e-12,4.33862e-12,259.326965,1.229782,6.70071e-08
rajat28,607235,87190,87190,0,r,41.147097,0,6.964503,1,29105,581441,25794,95.75200000000001,605560,1675,99.724,597960,9275,98.473,911.563171,854.917542,960.615173,760.033875,792.818481,819.054504,882.385559,1.066259,0.948937,1.199372,1.149775,1.112946,1.033067,0.0,4.18302e-08,5.91836e-14,7.31313e-13,3.6716e-08,3.6716e-08,3.6716e-08,570.511536,1.5978,9.69581e-08
ASIC_100k,954163,99340,99340,0,r,2.517326,0,9.605023,1,99029,953904,259,99.973,954062,101,99.98899999999999,954091,72,99.992,1732.208252,1523.259033,1584.716187,1598.234497,2092.160156,1646.883423,2096.097412,1.137172,1.093072,1.083826,0.827952,1.05181,0.826397,0.0,2.91201e-08,1.4406e-13,1.51611e-13,3.86022e-11,3.86022e-11,3.86022e-11,1450.782471,1.193982,2.82014e-08
ASIC_320ks,1827807,321671,321671,0,r,1.313109,0,5.682225,1,412,1827783,24,99.99900000000001,1827783,24,99.99900000000001,1827741,66,99.996,126.362625,102.840317,109.506432,107.69059,102.227966,104.900604,108.893181,1.228727,1.153929,1.173386,1.236087,1.204594,1.160427,0.0,5.67243e-08,1.50993e-13,1.50993e-13,1.50617e-13,1.50617e-13,1.50617e-13,97.164291,1.300505,7.78321e-08
ASIC_320k,2635364,321821,321821,0,r,0.910788,0,8.188912,1,203800,2635187,177,99.993,2635187,177,99.993,2635272,92,99.997,4083.452881,3753.9021,3867.119629,3865.307617,4260.373535,3764.86084,4211.116211,1.087789,1.055942,1.056437,0.958473,1.084623,0.969684,0.0,3.14134e-08,1.75447e-13,1.75447e-13,2.39689e-12,2.39689e-12,2.39689e-12,3596.476318,1.135404,4.87425e-08
ASIC_680k,3871773,682862,682862,0,r,16.2603,0,5.66992,1,395259,3430531,441242,88.604,3579672,292101,92.456,3871655,118,99.997,15472.719727,14951.342773,15964.197266,15958.867188,15014.385742,15686.976562,15654.295898,1.034872,0.969214,0.969537,1.030526,0.986342,0.988401,0.0,4.2781e-08,2.35297e-13,4.49897e-12,1.25051e-08,1.25051e-08,1.25051e-08,14910.936523,1.037676,4.83409e-08
ASIC_680ks,2329176,682712,682712,0,r,27.02899,0,3.411652,1,210,1888552,440624,81.082,2037307,291869,87.469,2329086,90,99.996,168.05069,137.566208,178.593689,174.149979,135.962631,136.013824,140.924927,1.221599,0.940967,0.964977,1.236006,1.235541,1.192484,0.0,2.85931e-08,2.85346e-13,5.44853e-12,1.52884e-08,1.52884e-08,1.52884e-08,129.36499,1.299043,4.79604e-08
rajat20,605045,86916,86916,0,r,3.876909,0,6.961261,1,29105,591019,14026,97.682,602887,2158,99.643,594258,10787,98.217,934.734436,838.776123,944.372498,788.023071,760.765686,854.315796,869.567444,1.114403,0.989794,1.186176,1.228676,1.094132,1.074942,0.0,2.79422e-08,4.71527e-13,1.23392e-12,1.48423e-08,1.48423e-08,1.48423e-08,569.426819,1.641536,1.0647e-07
TSOPF_FS_b300_c2,8767466,56814,56814,1,r,1.030937,0,154.318759,1,27742,7651283,1116183,87.26899999999999,7761448,1006018,88.52600000000001,4813003,3954463,54.896,470.414337,383.640564,396.046844,393.339081,427.766785,429.786102,420.478973,1.226185,1.187774,1.195951,1.099698,1.094531,1.118758,0.0,3.94941e-08,7.07009e-13,2.28399e-12,1.02228e-08,1.02228e-08,1.02228e-08,375.468018,1.252875,6.06366e-08
TSOPF_FS_b300_c3,13135930,84414,84414,1,r,0.710272,0,155.613168,1,41542,11469723,1666207,87.316,11467997,1667933,87.303,7213041,5922889,54.911,700.616699,578.942993,593.498352,592.975281,637.740051,637.593628,634.93634,1.210165,1.180486,1.181528,1.098593,1.098845,1.103444,0.0,4.83139e-08,7.90483e-13,6.94261e-13,2.97846e-10,2.97846e-10,2.97846e-10,563.116028,1.244178,6.35142e-08
circuit5M_dc,19194193,3523317,3523317,0,r,0.117164,0,5.447762,1,27,17428083,1766110,90.79899999999999,14365600,4828593,74.843,9502278,9691915,49.506,1163.174927,958.779419,1147.614868,1349.739014,1108.747314,1119.640625,1486.490601,1.213183,1.013559,0.861778,1.049089,1.038882,0.782497,0.0,6.02887e-08,9.86376e-13,8.98408e-14,6.02887e-08,6.02887e-08,6.02887e-08,894.018555,1.301064,6.02887e-08
rajat25,607235,87190,87190,0,r,0.665828,0,6.964503,1,29105,595033,12202,97.991,594207,13028,97.855,579276,27959,95.396,911.563171,855.079285,934.017456,947.182556,880.520996,861.795837,901.501404,1.066057,0.975959,0.962394,1.035254,1.057748,1.011161,0.0,3.61476e-08,1.52571e-12,1.25711e-12,2.41896e-09,2.41896e-09,2.41896e-09,570.890808,1.596738,7.44758e-08
x104,10167624,108384,108384,1,r,49.245827,0,93.811116,30,324,7125202,3042422,70.077,8625732,1541892,84.83500000000001,3290418,6877206,32.362,304.091125,229.324799,285.278778,270.248444,285.497345,285.26181,295.438324,1.326028,1.065944,1.125228,1.065128,1.066007,1.029288,0.0,4.44451e-08,2.12459e-12,1.25657e-10,7.5922e-11,7.5922e-11,7.5922e-11,220.577789,1.378612,7.37872e-08
c-64,717841,51035,51035,1,r,31.781661,0,14.065661,2,9474,327548,390293,45.629999999999995,611304,106537,85.15899999999999,395850,321991,55.144999999999996,197.066757,175.741959,205.372955,229.082947,221.937668,206.380035,389.86853,1.121342,0.959556,0.860242,0.887937,0.954873,0.50547,0.0,5.65779e-08,2.4981e-12,3.50066e-11,3.39421e-10,3.39421e-10,3.39421e-10,150.498306,1.309428,9.8141e-08
case39,1042160,40216,40216,1,r,0.187231,0,25.914064,1,20024,820762,221398,78.756,820542,221618,78.735,211897,830263,20.332,228.458496,203.427841,219.694305,217.553986,237.368317,236.941315,238.728195,1.123044,1.039893,1.050123,0.962464,0.964199,0.956982,0.0,4.14104e-08,3.39774e-12,1.94109e-13,7.23389e-11,7.23389e-11,7.23389e-11,198.710266,1.149707,5.33095e-08
TSOPF_FS_b39_c19,1977600,76216,76216,1,r,0.141432,0,25.947308,1,38024,1558762,418838,78.821,1558538,419062,78.81,405377,1572223,20.498,438.226959,411.100159,420.027191,421.306183,437.681152,435.751923,444.372986,1.065986,1.04333,1.040163,1.001247,1.00568,0.986169,0.0,3.95019e-08,3.39794e-12,2.88706e-13,1.64704e-10,1.64704e-10,1.64704e-10,394.876923,1.109781,7.0725e-08
TSOPF_RS_b2383_c1,16171169,38120,38120,0,r,0.089888,0,424.217445,2,983,16041721,129448,99.2,16039594,131575,99.18599999999999,16071723,99446,99.385,454.381561,311.749634,317.378754,317.71814,304.300018,303.321075,313.417725,1.457521,1.43167,1.43014,1.493203,1.498022,1.449763,0.0,4.3058e-08,3.59775e-12,1.15357e-13,1.40042e-11,1.40042e-11,1.40042e-11,306.881531,1.480642,6.2641e-08
TSOPF_FS_b39_c30,3121160,120216,120216,1,r,0.1198,0,25.962933,1,60024,2460762,660398,78.84100000000001,2460534,660626,78.834,639897,2481263,20.502000000000002,698.455017,660.474854,659.455261,658.393677,697.43103,687.678467,708.457458,1.057504,1.059139,1.060847,1.001468,1.015671,0.985881,0.0,2.8965e-08,3.65558e-12,2.59497e-13,1.07327e-10,1.07327e-10,1.07327e-10,631.602173,1.105846,5.53752e-08
TSOPF_RS_b2383,16171169,38120,38120,0,r,0.089888,0,424.217445,2,983,16041721,129448,99.2,16039594,131575,99.18599999999999,16071723,99446,99.385,453.344269,311.365631,317.353119,317.587341,304.369659,303.296509,313.154572,1.455987,1.428517,1.427463,1.489453,1.494723,1.447669,0.0,4.05189e-08,3.84684e-12,1.27952e-13,1.33703e-11,1.33703e-11,1.33703e-11,306.795532,1.477676,5.89345e-08
rajat23,556938,110355,110355,0,r,1.938896,0,5.046785,1,3401,417201,139737,74.91,451490,105448,81.066,302036,254902,54.232,135.408325,88.514305,146.322052,144.059143,156.25795,156.781693,151.618683,1.52979,0.925413,0.93995,0.866569,0.863674,0.893085,0.0,1.89594e-08,3.92393e-12,7.03082e-12,2.79101e-10,2.79101e-10,2.79101e-10,82.584541,1.639633,8.92935e-08
TSOPF_FS_b39_c7,730080,28216,28216,1,r,0.242315,0,25.874681,1,14024,574762,155318,78.726,574554,155526,78.69699999999999,149537,580543,20.482,155.265381,109.166367,149.32048,149.822144,161.092453,158.988831,159.162521,1.422282,1.039813,1.036331,0.963828,0.97658,0.975515,0.0,4.98762e-08,4.31394e-12,4.4909e-13,2.54035e-10,2.54035e-10,2.54035e-10,104.527458,1.485403,8.01076e-08
TSOPF_FS_b162_c4,2398220,40798,40798,1,r,1.246466,0,58.782783,1,20054,2048405,349815,85.414,2130032,268188,88.81700000000001,1290610,1107610,53.815000000000005,255.449081,229.761017,238.632614,236.666077,253.330429,252.382202,243.207169,1.111803,1.07047,1.079365,1.008363,1.012152,1.050335,0.0,4.56721e-08,4.85881e-12,8.41912e-12,7.0118e-11,7.0118e-11,7.0118e-11,224.347137,1.138633,7.07613e-08
G3_circuit,7660826,1585478,1585478,1,r,17.612559,0,4.831872,2,6,600228,7060598,7.835,2852771,4808055,37.238,2661123,4999703,34.737,457.485321,381.166595,494.051361,460.936188,428.604431,422.709259,440.547333,1.200224,0.925987,0.992513,1.067384,1.082269,1.038448,0.0,4.73982e-08,5.47122e-12,8.16595e-11,8.93987e-11,8.93987e-11,8.93987e-11,356.473846,1.283363,5.90614e-08
circuit_4,307604,80209,80209,0,r,4.060326,0,3.835031,1,6750,173257,134347,56.325,299299,8305,97.3,307101,503,99.836,282.393982,287.65744,292.917267,293.656036,288.797058,289.724854,289.889282,0.981702,0.964074,0.961649,0.977828,0.974697,0.974144,0.0,4.27745e-08,6.2765e-12,1.11267e-10,4.27745e-08,4.27745e-08,4.27745e-08,271.01001,1.042006,5.42856e-08
rajat31,20316253,4690002,4690002,0,r,0.6154,0,4.331822,1,1252,10937500,9378753,53.836,10937500,9378753,53.836,4688751,15627502,23.079,1295.896606,1119.331299,1560.024292,1560.032959,1316.128784,1330.578491,1364.450317,1.157742,0.83069,0.830685,0.984628,0.973935,0.949757,0.0,4.12728e-08,7.22374e-12,7.22374e-12,2.14555e-11,2.14555e-11,2.14555e-11,1032.086548,1.255608,1.2085e-07
rajat30,6175377,643994,643994,0,r,0.035451,0,9.589184,1,454746,6124534,50843,99.177,4858095,1317282,78.669,2547332,3628045,41.25,8317.577148,7986.77002,8165.964844,8338.0,8694.204102,8863.239258,8605.107422,1.041419,1.018566,0.997551,0.956681,0.938435,0.966586,0.0,3.48243e-08,9.31175e-12,2.20178e-12,1.8107e-10,1.8107e-10,1.8107e-10,7682.021484,1.082733,2.7677e-07
FullChip,26621990,2987012,2987012,0,r,0.000271,0,8.912582,1,2312481,26620995,995,99.996,26600466,21524,99.919,26567890,54100,99.797,48898.460938,48018.179688,49792.015625,49817.820312,50966.4375,49924.328125,50092.367188,1.018332,0.982054,0.981546,0.959425,0.979452,0.976166,0.0,3.86813e-08,1.13585e-11,1.16103e-14,3.86181e-08,3.86181e-08,3.86181e-08,46735.035156,1.046291,5.40565e-08
rajat24,1948235,358172,358172,0,r,0.583288,0,5.439384,1,105296,1636236,311999,83.986,1451689,496546,74.51299999999999,784278,1163957,40.256,3986.098145,3495.467041,3923.683838,4036.045898,4031.415283,4029.442139,4334.336914,1.140362,1.015907,0.987625,0.988759,0.989243,0.919656,0.0,2.16973e-08,1.18002e-11,6.54048e-12,4.08571e-10,4.08571e-10,4.08571e-10,3398.387695,1.172938,1.98064e-07
consph,6010480,83334,83334,1,r,26.706361,0,72.125183,1,81,1330027,4680453,22.128,3910078,2100402,65.054,2812672,3197808,46.796,192.901123,149.202942,209.933441,182.737823,174.82547,174.143494,175.661057,1.292877,0.918868,1.055617,1.103393,1.107714,1.098144,0.0,4.44684e-08,1.3817e-11,1.76486e-10,3.35265e-10,3.35265e-10,3.35265e-10,143.683578,1.342541,7.75995e-08
bloweya,150009,30004,30004,1,r,0.121326,0,4.999633,2,10001,40008,110001,26.669999999999998,40004,110005,26.667999999999996,20002,130007,13.333999999999998,208.119583,212.115036,219.388199,217.996155,212.616287,213.230148,224.098022,0.981164,0.948636,0.954694,0.978851,0.976033,0.928699,0.0,4.51785e-08,1.47153e-11,1.63625e-16,8.44267e-17,8.44267e-17,8.44267e-17,199.779968,1.041744,1.35147e-07
d_pretok,1641672,182730,182730,1,r,3.303547,0,8.984141,2,11,1003605,638067,61.133,1545800,95872,94.16,1420722,220950,86.541,101.656578,89.649155,119.492355,101.247009,93.596672,93.338623,99.90963,1.133938,0.850737,1.004045,1.086113,1.089116,1.017485,0.0,4.31155e-08,1.71815e-11,6.95609e-11,1.00104e-10,1.00104e-10,1.00104e-10,79.463425,1.279288,6.24322e-08
s3dkq4m2,4820891,90449,90449,1,r,4.04423,0,53.29955,13,54,3916383,904508,81.238,3951251,869640,81.961,2405802,2415089,49.903999999999996,172.93721,145.848312,160.555481,161.502243,162.468857,161.985535,171.475967,1.185733,1.077118,1.070804,1.064433,1.067609,1.008522,0.0,5.11165e-08,2.34185e-11,6.07892e-11,1.5898e-11,1.5898e-11,1.5898e-11,139.999237,1.235273,7.7541e-08
brainpc2,179395,27607,27607,1,r,30.881369,0,6.498171,1,13799,119350,60045,66.52900000000001,124142,55253,69.19999999999999,41405,137990,23.080000000000002,290.278625,295.398743,295.074127,300.285309,303.643616,304.365631,297.355835,0.982667,0.983748,0.966676,0.955985,0.953717,0.9762,0.0,3.75858e-08,2.40151e-11,3.56045e-11,2.89331e-10,2.89331e-10,2.89331e-10,278.158966,1.043571,5.53408e-08
mult_dcop_02,193276,25187,25187,0,r,0.002717,0,7.673641,1,22767,192417,859,99.556,191533,1743,99.098,187435,5841,96.978,463.359283,476.960388,480.125793,479.200165,472.107605,478.576874,476.889923,0.971484,0.965079,0.966943,0.98147,0.968202,0.971627,0.0,1.3558e-08,2.59586e-11,1.77807e-12,9.03754e-09,9.03754e-09,9.03754e-09,442.502777,1.047133,1.18564e-07
s3dkt3m2,3753461,90449,90449,1,r,9.111483,0,41.498093,7,42,2843147,910314,75.747,2970955,782506,79.152,1877270,1876191,50.014,149.312515,133.548035,147.763321,144.235168,143.210495,140.506119,148.358139,1.118044,1.010484,1.035202,1.042609,1.062676,1.006433,0.0,4.58965e-08,3.02117e-11,6.75951e-11,4.37436e-11,4.37436e-11,4.37436e-11,127.59552,1.170202,7.44383e-08
matrix-new_3,2678750,125329,125329,0,r,0.001895,0,21.373744,12,9358,2628024,50726,98.10600000000001,2625972,52778,98.03,2579218,99532,96.284,247.246338,227.533569,250.183716,251.344864,231.318649,229.268967,234.927399,1.086637,0.988259,0.983694,1.068856,1.078412,1.052437,0.0,2.90455e-08,3.99843e-11,2.06374e-11,2.37484e-08,2.37484e-08,2.37484e-08,214.661209,1.151798,3.20161e-08
trans4,766396,116835,116835,0,r,0.159118,0,6.559644,1,114190,688150,78246,89.79,674935,91461,88.066,314701,451695,41.062,3915.903564,3657.121338,3951.712158,3998.782715,3725.302979,3743.062012,4100.893066,1.070761,0.990938,0.979274,1.051164,1.046177,0.95489,0.0,4.51668e-08,5.26593e-11,2.5027e-12,2.67629e-10,2.67629e-10,2.67629e-10,3487.29541,1.122906,8.18178e-07
dc3,766396,116835,116835,0,r,0.347674,0,6.559644,1,114190,512165,254231,66.828,456265,310131,59.534,221316,545080,28.877000000000002,3912.190674,3653.579834,4124.691895,4108.433105,3770.615234,3809.991211,4125.554199,1.070783,0.948481,0.952234,1.037547,1.026824,0.948282,0.0,5.26279e-08,6.64005e-11,9.46749e-12,7.39754e-12,7.39754e-12,7.39754e-12,3482.807861,1.123286,1.16043e-06
dc1,766396,116835,116835,0,r,0.344821,0,6.559644,1,114190,496107,270289,64.732,457252,309144,59.663,227296,539100,29.658,3912.983643,3653.950195,4025.777832,4081.320068,3777.303223,3788.509277,4153.556641,1.070891,0.971982,0.958754,1.03592,1.032856,0.94208,0.0,3.89346e-08,6.96832e-11,1.10345e-12,2.27277e-10,2.27277e-10,2.27277e-10,3483.031494,1.123442,2.76253e-06
TSOPF_RS_b300_c3,4413449,42138,42138,0,r,0.009525,0,104.73798,1,209,4285869,127580,97.109,4284900,128549,97.087,4326094,87355,98.021,149.365753,108.123138,116.648224,115.873825,109.161469,108.902397,109.526016,1.381441,1.28048,1.289038,1.368301,1.371556,1.363747,0.0,4.70337e-08,8.17732e-11,1.82737e-12,7.6831e-10,7.6831e-10,7.6831e-10,104.723457,1.426287,7.6418e-08
Raj1,1302464,263743,263743,0,r,0.517423,0,4.938383,1,40468,926605,375859,71.14200000000001,831729,470735,63.858000000000004,628395,674069,48.247,1509.827637,1304.506348,1537.657104,1555.484375,1683.057617,1682.50061,1512.176636,1.157394,0.981901,0.970648,0.897074,0.897371,0.998447,0.0,6.94444e-08,8.46163e-11,3.75771e-11,1.31682e-10,1.31682e-10,1.31682e-10,1238.723633,1.218858,1.017e-07
c-73,1279274,169422,169422,1,r,4.468673,0,7.550814,2,39937,553658,725616,43.279,1088905,190369,85.119,1136921,142353,88.872,1265.879028,1249.65686,1362.854736,1335.831909,1238.290405,1251.806152,1267.342285,1.012981,0.928844,0.947633,1.02228,1.011242,0.998845,0.0,4.44846e-08,1.20524e-10,4.85873e-10,4.41919e-08,4.41919e-08,4.41919e-08,1177.751587,1.074827,5.74097e-08
rajat21,1893370,411676,411676,0,r,0.321819,0,4.599175,1,118689,1550464,342906,81.889,1108520,784850,58.547000000000004,459297,1434073,24.258,4687.515625,4260.10498,4773.981445,4847.32373,4751.965332,4764.240723,4900.211914,1.100329,0.981888,0.967032,0.986437,0.983896,0.956594,0.0,3.18445e-08,1.22772e-10,3.19249e-11,2.9761e-09,2.9761e-09,2.9761e-09,4119.0625,1.138005,3.73909e-07
dc2,766396,116835,116835,0,r,0.346345,0,6.559644,1,114190,496018,270378,64.72099999999999,456745,309651,59.596000000000004,222600,543796,29.044999999999998,3912.603271,3653.684326,4025.111572,4087.88501,3771.810059,3809.888916,4125.007324,1.070865,0.972048,0.957122,1.037328,1.02696,0.948508,0.0,1.43664e-08,1.38415e-10,1.67832e-11,8.608e-12,8.608e-12,8.608e-12,3482.986816,1.123347,3.61873e-06
rajat29,4866270,643994,643994,0,r,0.002731,0,7.55639,1,454521,4828507,37763,99.224,4810283,55987,98.849,4782142,84128,98.271,16697.117188,16238.050781,16824.044922,16745.404297,16059.524414,16329.911133,16483.244141,1.028271,0.992456,0.997116,1.039702,1.022487,1.012975,0.0,3.62051e-08,1.883e-10,1.15235e-12,2.41299e-08,2.41299e-08,2.41299e-08,16040.262695,1.04095,3.03156e-08
rajat18,485143,94294,94294,0,r,0.009752,0,5.145004,1,28747,472928,12215,97.482,442619,42524,91.235,411045,74098,84.727,898.901428,598.081238,694.054443,748.004517,611.242004,622.555298,862.585999,1.502975,1.295145,1.201733,1.470615,1.44389,1.042101,0.0,4.99482e-08,1.90734e-10,5.22556e-12,4.94033e-08,4.94033e-08,4.94033e-08,562.974426,1.5967,5.4455e-08
bloweybl,120000,30003,30003,1,r,0.083493,0,3.9996,1,10001,40006,79994,33.338,40002,79998,33.335,20001,99999,16.667,391.014984,399.992004,388.141571,387.928162,398.094727,399.025391,399.108734,0.977557,1.007403,1.007957,0.982216,0.979925,0.97972,0.0,2.72952e-08,2.46182e-10,2.36103e-10,9.9407e-17,9.9407e-17,9.9407e-17,374.268372,1.044745,1.18266e-07
trans5,766396,116835,116835,0,r,0.138055,0,6.559644,1,114190,704180,62216,91.88199999999999,678630,87766,88.548,331091,435305,43.201,3916.061035,3656.67749,3970.87085,3980.791016,3765.501221,3814.793457,4107.828125,1.070934,0.986197,0.983739,1.039984,1.026546,0.953317,0.0,5.26808e-08,2.60434e-10,2.78484e-11,1.76462e-09,1.76462e-09,1.76462e-09,3486.935059,1.123067,5.11364e-07
mult_dcop_01,193276,25187,25187,0,r,0.000275,0,7.673641,1,22767,192748,528,99.727,192573,703,99.636,193276,0,100.0,462.8685,477.122589,479.615997,480.074036,473.829468,478.685883,476.710175,0.970125,0.965081,0.964161,0.976867,0.966957,0.970964,0.0,2.5877e-08,3.29063e-10,2.61428e-11,2.5877e-08,2.5877e-08,2.5877e-08,442.872681,1.04515,3.85615e-08
rajat16,641159,94294,94294,0,r,0.007545,0,6.799574,1,28755,628939,12220,98.09400000000001,563582,77577,87.901,470212,170947,73.33800000000001,925.218567,892.816895,929.489014,956.205078,1016.113464,1012.300598,1028.211182,1.036292,0.995406,0.967594,0.910547,0.913976,0.899833,0.0,2.94044e-08,3.86988e-10,1.82084e-11,2.33333e-08,2.33333e-08,2.33333e-08,573.02002,1.614636,4.00129e-08
mult_dcop_03,193216,25187,25187,0,r,0.000446,0,7.671259,1,22767,192621,595,99.69200000000001,148551,44665,76.883,74784,118432,38.705,463.729095,475.703125,480.843781,474.064148,475.05365,474.235992,474.411469,0.974829,0.964407,0.978199,0.976162,0.977845,0.977483,0.0,3.23892e-08,4.63681e-10,4.81043e-11,1.27465e-08,1.27465e-08,1.27465e-08,442.617004,1.047698,4.78601e-08
rajat17,641159,94294,94294,0,r,0.007379,0,6.799574,1,28755,628944,12215,98.095,590267,50892,92.062,548938,92221,85.617,925.668884,892.858826,929.826599,957.408386,896.142151,895.792664,924.63739,1.036747,0.995529,0.966849,1.032949,1.033352,1.001116,0.0,1.96212e-08,5.22416e-10,5.84912e-12,1.40341e-08,1.40341e-08,1.40341e-08,574.22168,1.612041,6.11689e-08
shermanACb,145149,18510,18510,0,r,0.025037,0,7.841653,1,10405,130134,15015,89.655,120809,24340,83.231,88809,56340,61.185,207.873413,208.544708,213.07341,214.622116,208.91478,210.507065,212.249786,0.996781,0.975595,0.968555,0.995015,0.987489,0.979381,0.0,1.89961e-08,5.2885e-10,3.02967e-11,9.23005e-10,9.23005e-10,9.23005e-10,195.693695,1.062239,6.53432e-08
SiO2,11283503,155331,155331,1,r,0.31934,0,72.641668,15,2749,9327290,1956213,82.663,8457982,2825521,74.959,5739227,5544276,50.864,373.175293,289.887238,326.05011,329.901855,328.343567,326.509583,329.915405,1.287312,1.144534,1.131171,1.136539,1.142923,1.131124,0.0,4.1139e-08,5.85997e-10,8.3266e-11,5.35148e-09,5.35148e-09,5.35148e-09,278.230011,1.341247,7.07445e-08
matrix_9,2121550,103430,103430,0,r,0.000269,0,20.51194,12,4057,2116140,5410,99.74499999999999,2033063,88487,95.829,1785419,336131,84.15599999999999,155.619324,142.15065,152.143784,162.418823,137.924606,139.682816,153.988098,1.094749,1.022844,0.958136,1.128293,1.114091,1.010593,0.0,2.55239e-08,1.18661e-09,2.83312e-11,1.97283e-08,1.97283e-08,1.97283e-08,131.46727,1.183712,3.11838e-08
3D_51448_3D,1056610,51448,51448,0,r,0.000986,0,20.537436,12,5671,1047942,8668,99.18,1031376,25234,97.612,950222,106388,89.93100000000001,116.245506,102.190079,111.493217,115.478653,106.809341,104.437759,111.605759,1.137542,1.042624,1.006641,1.088346,1.11306,1.041573,0.0,1.77338e-08,1.69699e-09,6.49155e-12,3.82907e-09,3.82907e-09,3.82907e-09,96.862206,1.200112,1.65778e-08
ibm_matrix_2,1056610,51448,51448,0,r,0.000985,0,20.537436,12,5671,1047942,8668,99.18,1031540,25070,97.627,950759,105851,89.982,116.233215,102.354942,111.418655,113.895645,105.469955,105.269249,111.587326,1.13559,1.043211,1.020524,1.10205,1.104152,1.041635,0.0,2.62502e-08,2.14169e-09,7.82606e-12,4.6837e-09,4.6837e-09,4.6837e-09,97.008636,1.198174,1.90958e-08
webbase-1M,3105536,1000005,1000005,0,r,0.032201,0,3.10552,1,4700,2186137,919399,70.395,1570884,1534652,50.583,2109088,996448,67.914,489.798645,457.284607,495.699646,496.41449,501.485565,502.970367,494.075897,1.071102,0.988096,0.986673,0.976695,0.973812,0.991343,0.0,2.68699e-08,4.17015e-09,7.70241e-10,2.40596e-08,2.40596e-08,2.40596e-08,432.253937,1.133127,4.11266e-08
language,1216334,399130,399130,0,r,0.066169,0,3.047463,1,11555,470668,745666,38.696000000000005,341562,874772,28.081,295453,920881,24.29,950.9151,885.22345,982.478088,991.034607,957.953003,960.114685,975.124451,1.074209,0.967874,0.959518,0.992653,0.990418,0.975173,0.0,2.75062e-08,7.98024e-09,2.08903e-10,7.99226e-09,7.99226e-09,7.99226e-09,839.068665,1.133298,7.08989e-08
memchip,14810202,2707524,2707524,0,r,0.007183,0,5.470017,2,27,14680506,129696,99.124,9130261,5679941,61.648,3370490,11439712,22.758,853.491699,709.998596,768.24408,1001.996033,855.962646,854.579224,1016.892395,1.202103,1.110964,0.851791,0.997113,0.998727,0.839314,0.0,3.7416e-08,1.09746e-08,9.41806e-11,2.76966e-08,2.76966e-08,2.76966e-08,661.047302,1.29112,5.66233e-08
stomach,3021648,213360,213360,0,r,0.007154,0,14.162205,7,19,2894092,127556,95.779,2146697,874951,71.044,813542,2208106,26.924,154.200058,124.482559,154.672455,152.809311,146.785278,146.594818,149.706757,1.238728,0.996946,1.009101,1.050514,1.051879,1.030014,0.0,4.97455e-08,1.6522e-08,3.33187e-10,2.6819e-08,2.6819e-08,2.6819e-08,114.372604,1.348225,7.22251e-08
gsm_106857,21758924,589446,589446,1,r,0.00835,0,36.914194,12,106,21472864,286060,98.685,11206671,10552253,51.504000000000005,5505574,16253350,25.302999999999997,1031.591919,767.09375,825.489502,1120.944214,986.595337,983.877625,1034.63623,1.344806,1.249673,0.920288,1.045608,1.048496,0.997058,0.0,4.47405e-08,1.77354e-08,1.73571e-10,1.22379e-11,1.22379e-11,1.22379e-11,715.011047,1.442764,7.87626e-08
largebasis,5560100,440020,440020,0,r,0.011514,0,12.636017,4,14,5040080,520020,90.647,4920020,640080,88.488,1400000,4160100,25.179000000000002,267.116547,222.181381,286.292358,285.627136,254.990341,256.471039,262.93454,1.202245,0.93302,0.935193,1.047556,1.041508,1.015905,0.0,3.99633e-08,1.79713e-08,8.70226e-12,8.47834e-12,8.47834e-12,8.47834e-12,203.599869,1.311968,6.56557e-08
Freescale1,18920347,3428755,3428755,0,r,0.008902,0,5.518139,1,27,18619685,300662,98.411,12278371,6641976,64.895,5290394,13629953,27.961000000000002,1163.138062,948.551697,1014.03363,1337.713013,1135.699951,1147.564087,1361.956909,1.226225,1.147041,0.869497,1.02416,1.013571,0.85402,0.0,4.53385e-08,2.30868e-08,1.22084e-10,1.33128e-08,1.33128e-08,1.33128e-08,879.273987,1.322839,6.07947e-08
t3dh,4352105,79171,79171,1,r,0.00031,0,54.970949,20,81,4351667,438,99.99,3611055,741050,82.973,3219512,1132593,73.976,157.74617,129.623047,134.560318,151.608231,139.310074,137.632767,141.930496,1.216961,1.172308,1.040486,1.132339,1.146138,1.111433,0.0,4.13714e-08,3.68813e-08,6.22477e-11,7.73836e-11,7.73836e-11,7.73836e-11,123.740158,1.274818,7.2795e-08
t3dh_a,4352105,79171,79171,1,r,0.00031,0,54.970949,20,81,4351667,438,99.99,3611055,741050,82.973,3219512,1132593,73.976,157.599747,129.63942,134.653351,151.537247,139.229187,137.605118,141.876221,1.215678,1.170411,1.040007,1.131945,1.145304,1.110826,0.0,4.34763e-08,3.7796e-08,6.20059e-11,7.7569e-11,7.7569e-11,7.7569e-11,123.599869,1.27508,7.22251e-08
stat96v4,491336,3173,63076,0,r,0.012214,0,154.849039,2,41473,490468,868,99.823,120192,371144,24.462,103683,387653,21.102,366.978271,238.418213,242.979172,401.173248,384.801788,359.382019,361.656616,1.539221,1.510328,0.914763,0.953681,1.021137,1.014715,0.0,4.80112e-08,4.3891e-08,4.02395e-10,1.84476e-08,1.84476e-08,1.84476e-08,227.445724,1.613476,2.36443e-07
t3dh_e,4352105,79171,79171,1,r,0.0,0,54.970949,20,81,4352105,0,100.0,818497,3533608,18.807,696124,3655981,15.995000000000001,157.625351,129.642502,134.085632,159.66188,154.244095,154.323975,156.863495,1.215846,1.175557,0.987245,1.021921,1.021393,1.004857,0.0,4.46727e-08,4.46727e-08,1.26013e-10,1.17547e-10,1.17547e-10,1.17547e-10,123.758591,1.273652,7.75435e-08